person,time,operating_margin_pct
a_jayson_adair,2014,9.1
a_jayson_adair,2015,9.7
a_jayson_adair,2016,39.0
a_jayson_adair,2017,46.0
a_jayson_adair,2018,44.6
a_jayson_adair,2019,37.1
a_jayson_adair,2020,39.1
abigail_bennett,2017,133.9
abigail_bennett,2018,109.2
abigail_bennett,2019,107.8
abigail_bennett,2020,27.9
abigail_bennett,2021,33.0
abigail_bennett,2022,35.9
abigail_bennett,2023,3.8
abigail_bennett,2024,16.6
abigail_bennett,2025,16.4
adam_foroughi,2019,15.1
adam_foroughi,2020,-3.3
adam_foroughi,2021,23.2
adam_foroughi,2022,66.5
adam_foroughi,2023,225.4
adam_foroughi,2024,128.8
adam_foroughi,2025,75.8
adam_forste,2023,3.4
adam_forste,2024,3.4
adam_forste,2025,3.4
adebayo_ogunlesi,2022,68.5
adebayo_ogunlesi,2023,68.8
adebayo_ogunlesi,2024,59.2
aerin_lauder,2017,5.8
aerin_lauder,2018,5.4
aerin_lauder,2019,-11.7
aerin_lauder,2020,22.2
aerin_lauder,2021,9.3
aerin_lauder,2022,5.5
aerin_lauder,2023,-4.9
aerin_lauder,2024,-5.0
aerin_lauder,2025,-5.5
alan_b_miller,2016,12.0
alan_b_miller,2017,11.7
alan_b_miller,2018,12.6
alan_b_miller,2019,12.0
alan_b_miller,2020,11.8
alan_b_miller,2021,10.8
alan_b_miller,2022,12.6
alan_b_miller,2023,14.0
alan_b_miller,2024,12.6
alan_b_miller,2025,11.5
alan_gerry,2016,28.0
alan_gerry,2017,26.8
alan_gerry,2018,22.4
alan_gerry,2021,28.8
alan_gerry,2022,45.6
alan_gerry,2023,49.9
alan_gerry,2024,40.7
alan_gerry,2025,35.3
alan_trefler,2009,1.4
alan_trefler,2010,8.3
alan_trefler,2011,5.8
alan_trefler,2012,6.4
alan_trefler,2013,7.2
alan_trefler,2014,21.8
alan_trefler,2015,18.0
albert_chao,2011,57.7
albert_chao,2012,94.5
albert_chao,2013,56.2
albert_chao,2014,103.2
albert_chao,2015,140.9
albert_chao,2016,4.1
albert_chao,2017,1.3
albert_chao,2018,2.1
albert_chao,2019,34.5
albert_chao,2020,40.6
albert_chao,2021,6.2
albert_chao,2022,5.5
albert_chao,2023,-12.6
albert_chao,2024,-13.0
albert_chao,2025,-14.1
albert_nahmad,2008,9.7
albert_nahmad,2009,9.9
albert_nahmad,2010,7.9
albert_nahmad,2011,9.1
albert_nahmad,2012,8.9
albert_nahmad,2013,9.0
albert_nahmad,2014,8.8
albert_nahmad,2015,8.6
albert_nahmad,2016,8.8
albert_nahmad,2017,8.4
albert_nahmad,2018,8.8
albert_nahmad,2019,13.2
albert_nahmad,2020,16.5
albert_nahmad,2021,12.7
albert_nahmad,2022,10.7
albert_nahmad,2023,9.9
albert_nahmad,2024,9.5
albert_nahmad,2025,10.0
alexander_karp,2018,-197.1
alexander_karp,2019,-55.4
alexander_karp,2020,-14.8
alexander_karp,2021,7.8
alexander_karp,2022,16.3
alexander_karp,2023,63.6
alexander_karp,2024,49.3
alexander_karp,2025,31.6
alexis_le_quoc,2017,-20.0
alexis_le_quoc,2018,-7.0
alexis_le_quoc,2019,-3.8
alexis_le_quoc,2020,-2.3
alexis_le_quoc,2021,-3.3
alexis_le_quoc,2022,3.2
alexis_le_quoc,2023,-2.1
alexis_le_quoc,2024,-1.7
alexis_le_quoc,2025,-1.3
alfred_west_jr,2008,17.4
alfred_west_jr,2009,19.2
alfred_west_jr,2010,88.2
alfred_west_jr,2011,90.2
alfred_west_jr,2012,35.5
alfred_west_jr,2013,31.8
alfred_west_jr,2014,29.7
alfred_west_jr,2015,29.8
alfred_west_jr,2016,31.5
alfred_west_jr,2017,108.3
alfred_west_jr,2018,109.1
alfred_west_jr,2019,33.5
alfred_west_jr,2020,28.3
alfred_west_jr,2021,22.1
alfred_west_jr,2022,27.7
alfred_west_jr,2023,32.7
alfred_west_jr,2024,29.5
alfred_west_jr,2025,27.3
alice_walton,2008,6.4
alice_walton,2009,6.3
alice_walton,2010,6.5
alice_walton,2011,25.2
alice_walton,2012,23.6
alice_walton,2013,23.5
alice_walton,2014,20.3
alice_walton,2015,19.4
alice_walton,2016,17.3
alice_walton,2017,17.8
alice_walton,2018,16.5
alice_walton,2019,16.1
alice_walton,2020,5.0
alice_walton,2021,3.7
alice_walton,2022,4.7
alice_walton,2023,4.8
alice_walton,2024,4.6
alice_walton,2025,4.4
alice_walton,2026,4.2
amos_hostetter,2007,18.1
amos_hostetter,2008,1.7
amos_hostetter,2009,-7.3
amos_hostetter,2010,-4.8
amos_hostetter,2011,9.7
amos_hostetter,2012,-4.4
amos_hostetter,2013,5.9
amos_hostetter,2014,3.2
amos_hostetter,2015,0.2
amos_hostetter,2016,3.8
amos_hostetter,2017,3.3
amos_hostetter,2018,11.1
amos_hostetter,2019,11.4
amos_hostetter,2020,-14.7
amos_hostetter,2021,3.9
amos_hostetter,2022,15.8
amos_hostetter,2023,19.7
amos_hostetter,2024,19.8
amos_hostetter,2025,19.2
andrew_bialecki,2021,-113.8
andrew_bialecki,2022,-17.8
andrew_bialecki,2023,-9.7
andrew_bialecki,2024,-7.2
andrew_bialecki,2025,-5.5
andrew_karam,2019,15.1
andrew_karam,2020,-3.3
andrew_karam,2021,23.2
andrew_karam,2022,66.5
andrew_karam,2023,225.4
andrew_karam,2024,128.8
andrew_karam,2025,75.8
andy_fang,2018,-149.8
andy_fang,2019,-51.1
andy_fang,2020,-38.9
andy_fang,2021,-11.8
andy_fang,2022,-0.6
andy_fang,2023,8.4
andy_fang,2024,6.7
andy_fang,2025,5.3
aneel_bhusri,2010,-45.1
aneel_bhusri,2011,-421.3
aneel_bhusri,2012,-66.1
aneel_bhusri,2013,-39.4
aneel_bhusri,2014,-34.1
aneel_bhusri,2015,-34.8
aneel_bhusri,2016,-19.7
aneel_bhusri,2017,-14.6
aneel_bhusri,2018,-14.0
anita_zucker,2016,10.0
anita_zucker,2017,9.5
anita_zucker,2018,9.4
ann_walton_kroenke,2008,6.4
ann_walton_kroenke,2009,6.3
ann_walton_kroenke,2010,6.5
ann_walton_kroenke,2011,25.2
ann_walton_kroenke,2012,23.6
ann_walton_kroenke,2013,23.5
ann_walton_kroenke,2014,20.3
ann_walton_kroenke,2015,19.4
ann_walton_kroenke,2016,17.3
ann_walton_kroenke,2017,17.8
ann_walton_kroenke,2018,16.5
ann_walton_kroenke,2019,16.1
ann_walton_kroenke,2020,5.0
ann_walton_kroenke,2021,3.7
ann_walton_kroenke,2022,4.7
ann_walton_kroenke,2023,4.8
ann_walton_kroenke,2024,4.6
ann_walton_kroenke,2025,4.4
ann_walton_kroenke,2026,4.2
anthony_wood,2016,-3.3
anthony_wood,2017,-12.7
anthony_wood,2018,-2.7
anthony_wood,2019,-4.9
anthony_wood,2020,-3.1
anthony_wood,2021,-28.7
anthony_wood,2022,-7.0
anthony_wood,2023,-0.2
anthony_wood,2024,-0.1
anthony_wood,2025,-0.1
antonio_gracias,2009,-224.7
antonio_gracias,2010,-337.7
antonio_gracias,2011,-30.0
antonio_gracias,2012,-45.2
antonio_gracias,2013,-35.6
antonio_gracias,2014,-20.9
antonio_gracias,2015,-40.3
antonio_gracias,2016,-5.5
antonio_gracias,2017,-0.6
antonio_gracias,2018,9.3
antonio_gracias,2019,27.0
antonio_gracias,2020,18.6
antonio_gracias,2021,16.5
antonio_gracias,2022,8.7
antonio_gracias,2023,4.5
antonio_gracias,2024,4.5
antonio_gracias,2025,4.6
art_levinson,2013,34.9
art_levinson,2014,35.9
art_levinson,2015,34.9
art_levinson,2016,29.0
art_levinson,2017,23.6
art_levinson,2018,30.1
art_levinson,2019,48.6
art_levinson,2020,43.1
art_levinson,2021,30.6
art_levinson,2023,42.0
art_levinson,2024,36.9
art_levinson,2025,32.0
arthur_blank,2008,6.2
arthur_blank,2009,6.7
arthur_blank,2010,7.3
arthur_dantchik,2013,34.9
arthur_dantchik,2014,35.9
arthur_dantchik,2015,34.9
arthur_dantchik,2016,29.0
arthur_dantchik,2017,23.6
arthur_dantchik,2018,30.1
arthur_dantchik,2019,48.6
arthur_dantchik,2020,43.1
arthur_dantchik,2021,30.6
arthur_dantchik,2023,42.0
arthur_dantchik,2024,36.9
arthur_dantchik,2025,32.0
arturo_moreno,2013,34.9
arturo_moreno,2014,35.9
arturo_moreno,2015,34.9
arturo_moreno,2016,29.0
arturo_moreno,2017,23.6
arturo_moreno,2018,30.1
arturo_moreno,2019,48.6
arturo_moreno,2020,43.1
arturo_moreno,2021,30.6
arturo_moreno,2023,42.0
arturo_moreno,2024,36.9
arturo_moreno,2025,32.0
august_troendle,2016,7.3
august_troendle,2017,8.3
august_troendle,2018,23.7
august_troendle,2019,19.4
august_troendle,2020,30.1
august_troendle,2021,29.5
august_troendle,2022,30.6
august_troendle,2023,28.4
august_troendle,2024,25.4
august_troendle,2025,21.1
b_wayne_hughes_jr,2010,54.0
b_wayne_hughes_jr,2011,55.4
b_wayne_hughes_jr,2012,58.0
b_wayne_hughes_jr,2013,62.7
b_wayne_hughes_jr,2014,63.1
b_wayne_hughes_jr,2015,59.8
b_wayne_hughes_jr,2016,53.7
b_wayne_hughes_jr,2017,53.3
barbara_tyson,2016,9.0
barbara_tyson,2017,5.9
barbara_tyson,2018,9.4
barbara_tyson,2019,8.9
barbara_tyson,2020,10.2
barbara_tyson,2021,-0.8
barbara_tyson,2022,2.6
barbara_tyson,2023,2.1
barbara_tyson,2024,2.1
barbara_tyson,2025,2.0
barry_diller,2018,-1.0
barry_diller,2019,-5.5
barry_diller,2020,-17.2
barry_diller,2021,-7.0
barry_diller,2022,-5.0
barry_diller,2023,-6.0
barry_sternlicht,2011,69.2
barry_sternlicht,2012,71.2
barry_sternlicht,2013,36.3
barry_sternlicht,2014,19.1
barry_sternlicht,2015,19.7
barry_sternlicht,2016,17.0
barry_sternlicht,2017,16.4
behdad_eghbali,2014,12.4
behdad_eghbali,2015,11.3
behdad_eghbali,2016,28.3
behdad_eghbali,2017,25.8
ben_ashkenazy,2021,43.3
ben_ashkenazy,2022,39.2
ben_ashkenazy,2023,26.7
ben_ashkenazy,2024,6.2
ben_ashkenazy,2025,5.5
ben_chestnut,2016,-10.4
ben_chestnut,2017,-16.8
ben_chestnut,2018,47.5
ben_chestnut,2019,41.5
ben_chestnut,2020,33.5
ben_chestnut,2021,32.6
ben_chestnut,2022,28.5
ben_chestnut,2023,34.3
ben_chestnut,2024,30.2
ben_chestnut,2025,26.1
ben_navarro,2023,9.5
ben_navarro,2024,8.7
ben_navarro,2025,7.8
ben_silbermann,2017,-293.7
ben_silbermann,2018,-18.9
ben_silbermann,2019,28.5
ben_silbermann,2020,-6.0
ben_silbermann,2021,-4.9
ben_silbermann,2022,6.4
ben_silbermann,2023,10.5
ben_silbermann,2024,8.8
ben_silbermann,2025,7.6
bennett_dorrance,2017,59.8
bennett_dorrance,2018,50.3
bennett_dorrance,2019,50.7
bennett_dorrance,2020,13.4
bennett_dorrance,2021,15.5
bennett_dorrance,2022,11.7
bennett_dorrance,2023,12.0
bennett_dorrance,2024,11.7
bennett_dorrance,2025,11.0
benoit_dageville,2019,-562.7
benoit_dageville,2020,-270.1
benoit_dageville,2021,-142.3
benoit_dageville,2022,-89.8
benoit_dageville,2023,-70.5
benoit_dageville,2024,-51.9
benoit_dageville,2025,-40.2
bernard_saul_ii,2009,21.1
bernard_saul_ii,2010,5.6
bernard_saul_ii,2011,19.5
bernard_saul_ii,2012,18.9
bernard_saul_ii,2013,7.1
bernard_saul_ii,2014,25.3
bernard_saul_ii,2015,6.9
bernard_saul_ii,2016,7.1
bernard_saul_ii,2017,6.6
bernard_saul_ii,2018,5.1
bernard_saul_ii,2019,6.5
bernard_saul_ii,2020,5.2
bernard_saul_ii,2022,82.9
bernard_saul_ii,2023,75.9
bernard_saul_ii,2024,72.7
bernard_saul_ii,2025,67.4
bharat_desai,2017,12.6
bharat_desai,2018,135.5
bharat_desai,2019,11.2
bharat_desai,2020,8.7
bharat_desai,2021,21.8
bharat_desai,2022,29.2
bharat_desai,2023,28.5
bharat_desai,2024,23.7
bharat_desai,2025,20.4
bill_gates,2007,147.2
bill_gates,2008,144.9
bill_gates,2009,126.7
bill_gates,2010,150.2
bill_haslam,2009,2.3
bill_haslam,2010,-3.2
bill_haslam,2011,3.1
bill_haslam,2012,4.4
bill_haslam,2013,3.8
bill_haslam,2014,5.9
bill_haslam,2015,3.3
bill_haslam,2016,11.4
bill_haslam,2017,10.6
bob_parsons,2016,2.3
bob_parsons,2017,3.3
bob_parsons,2018,10.2
bob_parsons,2019,12.8
bob_parsons,2020,15.0
bob_parsons,2021,14.3
bob_parsons,2022,21.8
bob_parsons,2023,26.5
bob_parsons,2024,24.7
bob_parsons,2025,22.8
bobby_murphy,2015,-5941.7
bobby_murphy,2016,-861.7
bobby_murphy,2017,-422.5
bom_suk_kim,2019,-23.8
bom_suk_kim,2020,-0.9
bom_suk_kim,2021,2.6
bom_suk_kim,2022,2.1
bom_suk_kim,2023,1.9
bom_suk_kim,2024,1.6
bom_suk_kim,2025,1.4
brad_jacobs,2017,1.2
brad_jacobs,2018,-5.3
brad_jacobs,2019,0.6
brad_jacobs,2020,-0.6
brad_jacobs,2021,-0.9
brad_jacobs,2022,3.7
brad_jacobs,2023,3.1
brad_kelley,2009,-572.4
brad_kelley,2010,-200.6
brad_kelley,2011,-906.5
brad_kelley,2012,-271.4
brad_kelley,2014,-2675.8
brad_kelley,2015,-418.3
brad_kelley,2016,-1861.6
brad_kelley,2017,-1242.5
brad_keywell,2022,-215.5
brad_keywell,2023,-47.5
brad_keywell,2024,-36.5
brad_keywell,2025,-19.9
brannin_mcbee,2023,-20.1
brannin_mcbee,2024,-2.4
brannin_mcbee,2025,-0.9
brian_armstrong,2019,576.4
brian_armstrong,2020,-212.2
brian_armstrong,2021,-2.1
brian_armstrong,2022,72.2
brian_armstrong,2023,46.2
brian_armstrong,2024,21.9
brian_armstrong,2025,20.0
brian_chesky,2019,8.9
brian_chesky,2020,53.3
brian_chesky,2021,25.3
brian_chesky,2022,30.4
brian_chesky,2023,25.7
brian_chesky,2024,22.9
brian_chesky,2025,20.8
brian_higgins,2016,8.3
brian_higgins,2017,-11.2
brian_higgins,2018,-10.5
brian_higgins,2019,-13.2
brian_higgins,2020,0.4
brian_higgins,2021,2.9
brian_higgins,2022,2.7
brian_higgins,2023,0.1
brian_higgins,2024,-5.1
brian_higgins,2025,-5.7
brian_roberts,2007,23.2
brian_roberts,2008,5.8
brian_roberts,2009,8.2
brian_roberts,2010,8.7
brian_roberts,2011,6.5
brian_roberts,2012,6.1
brian_roberts,2013,6.2
brian_roberts,2014,6.2
brian_roberts,2015,22.2
brian_roberts,2016,20.3
brian_roberts,2017,6.2
brian_roberts,2018,4.1
brian_roberts,2019,19.1
brian_roberts,2020,13.6
brian_roberts,2021,20.0
brian_roberts,2022,19.2
brian_roberts,2023,19.2
brian_venturo,2023,-20.1
brian_venturo,2024,-2.4
brian_venturo,2025,-0.9
bruce_toll,2018,9.5
c_dean_metropoulos,2019,-1702.5
c_dean_metropoulos,2020,-3171.1
c_dean_metropoulos,2021,-1763.4
c_dean_metropoulos,2022,-1068.9
c_dean_metropoulos,2023,-623.4
c_dean_metropoulos,2024,-577.0
carl_thoma,2007,19.4
carl_thoma,2008,32.5
carl_thoma,2009,46.7
carl_thoma,2010,33.5
carl_thoma,2011,40.9
carl_thoma,2012,45.4
carl_thoma,2013,37.9
carl_thoma,2014,27.9
carl_thoma,2015,28.5
carl_thoma,2016,32.0
carl_thoma,2017,24.4
carl_thoma,2018,24.6
carl_thoma,2019,27.0
chad_richison,2012,6.2
chad_richison,2013,5.8
chad_richison,2014,8.4
chad_richison,2015,8.7
chad_richison,2016,22.1
chad_richison,2017,38.1
chad_richison,2018,28.9
charles_cohen,2016,7.3
charles_cohen,2017,6.1
charles_cohen,2018,6.0
charles_cohen,2019,25.6
charles_cohen,2020,30.1
charles_cohen,2021,23.5
charles_cohen,2022,25.0
charles_cohen,2023,25.1
charles_cohen,2024,20.7
charles_cohen,2025,25.4
charles_dolan,2017,1.5
charles_dolan,2018,2.7
charles_dolan,2019,16.0
charles_dolan,2020,3.1
charles_dolan,2021,12.6
charles_dolan,2022,-1.3
charles_dolan,2023,4.9
charles_dolan,2024,5.5
charles_dolan,2025,5.8
charles_johnson,2007,19.4
charles_johnson,2008,32.5
charles_johnson,2009,46.7
charles_johnson,2010,33.5
charles_johnson,2011,40.9
charles_johnson,2012,45.4
charles_johnson,2013,37.9
charles_johnson,2014,27.9
charles_johnson,2015,28.5
charles_johnson,2016,32.0
charles_johnson,2017,24.4
charles_johnson,2018,24.6
charles_johnson,2019,27.0
charles_liang,2015,14.8
charles_liang,2016,14.3
charles_liang,2017,14.0
charles_simonyi,2007,147.2
charles_simonyi,2008,144.9
charles_simonyi,2009,126.7
charles_simonyi,2010,150.2
charlotte_colket_weber,2017,59.8
charlotte_colket_weber,2018,50.3
charlotte_colket_weber,2019,50.7
charlotte_colket_weber,2020,13.4
charlotte_colket_weber,2021,15.5
charlotte_colket_weber,2022,11.7
charlotte_colket_weber,2023,12.0
charlotte_colket_weber,2024,11.7
charlotte_colket_weber,2025,11.0
chris_wanstrath,2007,147.2
chris_wanstrath,2008,144.9
chris_wanstrath,2009,126.7
chris_wanstrath,2010,150.2
christian_chabot,2008,15.4
christian_chabot,2009,-0.1
christian_chabot,2010,-1.5
christian_chabot,2011,-3.6
christian_chabot,2012,-13.2
christian_chabot,2013,-9.6
christian_chabot,2014,1.5
christian_chabot,2015,-1.4
christian_chabot,2016,-1.1
christian_chabot,2017,-1.0
christopher_stolte,2008,15.4
christopher_stolte,2009,-0.1
christopher_stolte,2010,-1.5
christopher_stolte,2011,-3.6
christopher_stolte,2012,-13.2
christopher_stolte,2013,-9.6
christopher_stolte,2014,1.5
christopher_stolte,2015,-1.4
christopher_stolte,2016,-1.1
christopher_stolte,2017,-1.0
christy_walton,2008,6.4
christy_walton,2009,6.3
christy_walton,2010,6.5
christy_walton,2011,25.2
christy_walton,2012,23.6
christy_walton,2013,23.5
christy_walton,2014,20.3
christy_walton,2015,19.4
christy_walton,2016,17.3
christy_walton,2017,17.8
christy_walton,2018,16.5
christy_walton,2019,16.1
christy_walton,2020,5.0
christy_walton,2021,3.7
christy_walton,2022,4.7
christy_walton,2023,4.8
christy_walton,2024,4.6
christy_walton,2025,4.4
christy_walton,2026,4.2
craig_mccaw,2008,79.2
craig_mccaw,2009,10.7
craig_mccaw,2010,9.5
craig_mccaw,2011,4.2
craig_mccaw,2012,14.0
craig_mccaw,2013,14.1
craig_mccaw,2014,2.2
craig_mccaw,2015,2.9
craig_mccaw,2016,-10.5
craig_mccaw,2017,4.8
craig_mccaw,2018,4.3
craig_mccaw,2019,20.0
craig_mccaw,2020,0.5
craig_mccaw,2021,-48.7
craig_mccaw,2022,2.6
craig_mccaw,2023,-5.6
craig_mccaw,2024,-6.2
craig_mccaw,2025,-6.5
dagmar_dolby,2008,67.1
dagmar_dolby,2009,194.3
dagmar_dolby,2010,149.1
dagmar_dolby,2011,104.7
dagmar_dolby,2012,115.7
dagmar_dolby,2013,92.2
dagmar_dolby,2014,99.0
dagmar_dolby,2015,25.6
dagmar_dolby,2016,112.7
dagmar_dolby,2017,104.2
dagmar_dolby,2018,72.3
dagmar_dolby,2019,74.9
dagmar_dolby,2020,29.6
dagmar_dolby,2021,26.9
dan_kurzius,2016,-10.4
dan_kurzius,2017,-16.8
dan_kurzius,2018,47.5
dan_kurzius,2019,41.5
dan_kurzius,2020,33.5
dan_kurzius,2021,32.6
dan_kurzius,2022,28.5
dan_kurzius,2023,34.3
dan_kurzius,2024,30.2
dan_kurzius,2025,26.1
dan_wilks,2009,27.6
dan_wilks,2010,21.4
dan_wilks,2011,22.2
dan_wilks,2012,-23.5
dan_wilks,2013,-274.6
dan_wilks,2014,-239.0
dan_wilks,2015,-498.7
dan_wilks,2016,60.1
dan_wilks,2017,2.9
dan_wilks,2018,-115.5
dan_wilks,2019,-399.2
dan_wilks,2020,69.7
dan_wilks,2021,53.3
dan_wilks,2022,4.9
dan_wilks,2023,-5.3
dan_wilks,2024,-6.1
daniel_hirschfeld,2017,53.9
daniel_hirschfeld,2018,61.1
daniel_hirschfeld,2019,75.0
daniel_hirschfeld,2020,66.9
daniel_hirschfeld,2021,36.4
daniel_hirschfeld,2022,20.9
daniel_hirschfeld,2023,17.9
daniel_hirschfeld,2024,19.1
daniel_hirschfeld,2025,19.8
daniel_ziff,2019,-97.4
daniel_ziff,2020,-100.0
daniel_ziff,2021,-48.1
daniel_ziff,2022,-41.5
daniela_amodei,2007,16.9
daniela_amodei,2008,41.5
daniela_amodei,2009,40.7
daniela_amodei,2010,42.2
daniela_amodei,2011,39.4
daniela_amodei,2012,43.4
daniela_amodei,2013,39.8
daniela_amodei,2014,34.5
daniela_amodei,2015,36.5
daniela_amodei,2016,32.4
daniela_amodei,2017,34.9
dannine_avara,2007,6.8
dannine_avara,2008,1.4
dannine_avara,2009,3.6
dannine_avara,2010,2.4
dannine_avara,2011,2.1
dannine_avara,2012,8.3
dannine_avara,2013,7.0
dannine_avara,2014,9.0
dannine_avara,2016,7.1
dannine_avara,2017,4.8
dannine_avara,2018,13.8
dannine_avara,2019,18.6
dannine_avara,2020,25.4
dannine_avara,2021,17.0
dannine_avara,2022,12.6
dannine_avara,2023,14.6
dannine_avara,2024,12.9
dannine_avara,2025,13.8
danny_harris,2017,-293.7
danny_harris,2018,-18.9
danny_harris,2019,28.5
danny_harris,2020,-6.0
danny_harris,2021,-4.9
danny_harris,2022,6.4
danny_harris,2023,10.5
danny_harris,2024,8.8
danny_harris,2025,7.6
dario_amodei,2019,576.4
dario_amodei,2020,-212.2
dario_amodei,2021,-2.1
dario_amodei,2022,72.2
dario_amodei,2023,46.2
dario_amodei,2024,21.9
dario_amodei,2025,20.0
david_adelman,2007,23.2
david_adelman,2008,5.8
david_adelman,2009,8.2
david_adelman,2010,8.7
david_adelman,2011,6.5
david_adelman,2012,6.1
david_adelman,2013,6.2
david_adelman,2014,6.2
david_adelman,2015,22.2
david_adelman,2016,20.3
david_adelman,2017,6.2
david_adelman,2018,4.1
david_adelman,2019,19.1
david_adelman,2020,13.6
david_adelman,2021,20.0
david_adelman,2022,19.2
david_adelman,2023,19.2
david_baszucki,2019,-97.4
david_baszucki,2020,-100.0
david_baszucki,2021,-48.1
david_baszucki,2022,-41.5
david_blitzer,2013,34.9
david_blitzer,2014,35.9
david_blitzer,2015,34.9
david_blitzer,2016,29.0
david_blitzer,2017,23.6
david_blitzer,2018,30.1
david_blitzer,2019,48.6
david_blitzer,2020,43.1
david_blitzer,2021,30.6
david_blitzer,2023,42.0
david_blitzer,2024,36.9
david_blitzer,2025,32.0
david_booth,2019,25.1
david_booth,2020,37.8
david_booth,2021,37.1
david_booth,2022,15.7
david_booth,2023,11.5
david_booth,2024,14.1
david_booth,2025,11.9
david_c_paul,2016,30.0
david_c_paul,2017,97.7
david_c_paul,2018,15.6
david_c_paul,2019,21.9
david_c_paul,2020,28.9
david_c_paul,2021,13.9
david_c_paul,2022,16.2
david_c_paul,2023,30.6
david_c_paul,2024,19.0
david_c_paul,2025,16.3
david_duffield,2010,-45.1
david_duffield,2011,-421.3
david_duffield,2012,-66.1
david_duffield,2013,-39.4
david_duffield,2014,-34.1
david_duffield,2015,-34.8
david_duffield,2016,-19.7
david_duffield,2017,-14.6
david_duffield,2018,-14.0
david_einhorn,2009,6.2
david_einhorn,2010,5.8
david_einhorn,2011,5.7
david_einhorn,2012,5.5
david_einhorn,2013,3.6
david_einhorn,2014,3.8
david_einhorn,2015,1.5
david_einhorn,2016,3.2
david_einhorn,2017,2.1
david_einhorn,2018,4.2
david_einhorn,2019,14.0
david_einhorn,2020,9.1
david_einhorn,2021,4.9
david_einhorn,2022,3.6
david_einhorn,2023,7.2
david_einhorn,2024,7.2
david_einhorn,2025,7.4
david_geffen,2007,18.1
david_geffen,2008,1.7
david_geffen,2009,-7.3
david_geffen,2010,-4.8
david_geffen,2011,9.7
david_geffen,2012,-4.4
david_geffen,2013,5.9
david_geffen,2014,3.2
david_geffen,2015,0.2
david_geffen,2016,3.8
david_geffen,2017,3.3
david_geffen,2018,11.1
david_geffen,2019,11.4
david_geffen,2020,-14.7
david_geffen,2021,3.9
david_geffen,2022,15.8
david_geffen,2023,19.7
david_geffen,2024,19.8
david_geffen,2025,19.2
david_hoffmann,2009,-12.3
david_hoffmann,2010,51.5
david_hoffmann,2011,-30.0
david_hoffmann,2012,61.3
david_hoffmann,2013,61.3
david_hoffmann,2014,58.7
david_hoffmann,2015,55.0
david_hoffmann,2016,57.5
david_hoffmann,2017,61.6
david_hoffmann,2018,63.3
david_lichtenstein,2022,5.1
david_lichtenstein,2023,10.0
david_lichtenstein,2024,7.6
david_lichtenstein,2025,5.9
david_murdock,2015,-5941.7
david_murdock,2016,-861.7
david_murdock,2017,-422.5
david_sun,2018,-197.1
david_sun,2019,-55.4
david_sun,2020,-14.8
david_sun,2021,7.8
david_sun,2022,16.3
david_sun,2023,63.6
david_sun,2024,49.3
david_sun,2025,31.6
dean_solon,2019,25.1
dean_solon,2020,37.8
dean_solon,2021,37.1
dean_solon,2022,15.7
dean_solon,2023,11.5
dean_solon,2024,14.1
dean_solon,2025,11.9
denise_prenosil,2017,7.3
denise_prenosil,2018,5.3
denise_prenosil,2019,5.0
denise_prenosil,2020,23.2
denise_prenosil,2021,15.3
denise_prenosil,2022,10.4
denise_prenosil,2023,11.9
denise_prenosil,2024,11.4
denise_prenosil,2025,11.0
dennis_washington,2018,12.0
dennis_washington,2019,11.1
dirk_ziff,2016,-10.4
dirk_ziff,2017,-16.8
dirk_ziff,2018,47.5
dirk_ziff,2019,41.5
dirk_ziff,2020,33.5
dirk_ziff,2021,32.6
dirk_ziff,2022,28.5
dirk_ziff,2023,34.3
dirk_ziff,2024,30.2
dirk_ziff,2025,26.1
dorothy_chao_jenkins,2011,57.7
dorothy_chao_jenkins,2012,94.5
dorothy_chao_jenkins,2013,56.2
dorothy_chao_jenkins,2014,103.2
dorothy_chao_jenkins,2015,140.9
dorothy_chao_jenkins,2016,4.1
dorothy_chao_jenkins,2017,1.3
dorothy_chao_jenkins,2018,2.1
dorothy_chao_jenkins,2019,34.5
dorothy_chao_jenkins,2020,40.6
dorothy_chao_jenkins,2021,6.2
dorothy_chao_jenkins,2022,5.5
dorothy_chao_jenkins,2023,-12.6
dorothy_chao_jenkins,2024,-13.0
dorothy_chao_jenkins,2025,-14.1
douglas_leone,2019,8.9
douglas_leone,2020,53.3
douglas_leone,2021,25.3
douglas_leone,2022,30.4
douglas_leone,2023,25.7
douglas_leone,2024,22.9
douglas_leone,2025,20.8
drayton_mclane_jr,2008,6.4
drayton_mclane_jr,2009,6.3
drayton_mclane_jr,2010,6.5
drayton_mclane_jr,2011,25.2
drayton_mclane_jr,2012,23.6
drayton_mclane_jr,2013,23.5
drayton_mclane_jr,2014,20.3
drayton_mclane_jr,2015,19.4
drayton_mclane_jr,2016,17.3
drayton_mclane_jr,2017,17.8
drayton_mclane_jr,2018,16.5
drayton_mclane_jr,2019,16.1
drayton_mclane_jr,2020,5.0
drayton_mclane_jr,2021,3.7
drayton_mclane_jr,2022,4.7
drayton_mclane_jr,2023,4.8
drayton_mclane_jr,2024,4.6
drayton_mclane_jr,2025,4.4
drayton_mclane_jr,2026,4.2
drew_houston,2016,-58.5
drew_houston,2017,-7.3
drew_houston,2018,-19.9
drew_houston,2019,16.5
drew_houston,2020,9.5
drew_houston,2021,25.0
drew_houston,2022,20.9
drew_houston,2023,27.5
drew_houston,2024,27.0
drew_houston,2025,27.3
dustin_moskovitz,2010,27.3
dustin_moskovitz,2011,75.6
dustin_moskovitz,2012,98.1
dustin_moskovitz,2013,79.1
dustin_moskovitz,2014,99.7
dustin_moskovitz,2015,112.7
dustin_moskovitz,2016,73.1
dustin_moskovitz,2017,49.7
dwight_schar,2017,-11.2
dwight_schar,2018,13.8
dwight_schar,2019,9.0
dwight_schar,2020,22.5
dwight_schar,2021,25.6
dwight_schar,2022,23.3
dwight_schar,2023,23.0
dwight_schar,2024,23.3
dwight_schar,2025,19.0
eduardo_vivas,2019,15.1
eduardo_vivas,2020,-3.3
eduardo_vivas,2021,23.2
eduardo_vivas,2022,66.5
eduardo_vivas,2023,225.4
eduardo_vivas,2024,128.8
eduardo_vivas,2025,75.8
edward_debartolo_jr,2007,38.5
edward_debartolo_jr,2008,13.3
edward_debartolo_jr,2009,51.8
edward_debartolo_jr,2010,15.5
edward_debartolo_jr,2011,16.1
edward_debartolo_jr,2012,15.4
edward_debartolo_jr,2013,15.6
edward_debartolo_jr,2014,14.4
edward_debartolo_jr,2015,14.2
edward_debartolo_jr,2016,13.9
edward_debartolo_jr,2017,14.1
edward_debartolo_jr,2018,8.2
edward_debartolo_jr,2019,10.3
edward_debartolo_jr,2020,14.8
edward_debartolo_jr,2021,15.5
edward_debartolo_jr,2022,15.8
edward_debartolo_jr,2023,54.7
edward_debartolo_jr,2024,52.8
edward_debartolo_jr,2025,49.7
edward_roski_jr,2013,34.9
edward_roski_jr,2014,35.9
edward_roski_jr,2015,34.9
edward_roski_jr,2016,29.0
edward_roski_jr,2017,23.6
edward_roski_jr,2018,30.1
edward_roski_jr,2019,48.6
edward_roski_jr,2020,43.1
edward_roski_jr,2021,30.6
edward_roski_jr,2023,42.0
edward_roski_jr,2024,36.9
edward_roski_jr,2025,32.0
edward_stack,2017,7.3
edward_stack,2018,5.3
edward_stack,2019,5.0
edward_stack,2020,23.2
edward_stack,2021,15.3
edward_stack,2022,10.4
edward_stack,2023,11.9
edward_stack,2024,11.4
edward_stack,2025,11.0
egon_durban,2017,-2.8
egon_durban,2018,-27.9
egon_durban,2019,-58.7
egon_durban,2020,-84.3
egon_durban,2021,-73.6
egon_durban,2022,-37.3
egon_durban,2023,-45.5
egon_durban,2024,-47.8
elisabeth_deluca,2007,18.1
elisabeth_deluca,2008,1.7
elisabeth_deluca,2009,-7.3
elisabeth_deluca,2010,-4.8
elisabeth_deluca,2011,9.7
elisabeth_deluca,2012,-4.4
elisabeth_deluca,2013,5.9
elisabeth_deluca,2014,3.2
elisabeth_deluca,2015,0.2
elisabeth_deluca,2016,3.8
elisabeth_deluca,2017,3.3
elisabeth_deluca,2018,11.1
elisabeth_deluca,2019,11.4
elisabeth_deluca,2020,-14.7
elisabeth_deluca,2021,3.9
elisabeth_deluca,2022,15.8
elisabeth_deluca,2023,19.7
elisabeth_deluca,2024,19.8
elisabeth_deluca,2025,19.2
elon_musk,2009,-224.7
elon_musk,2010,-337.7
elon_musk,2011,-30.0
elon_musk,2012,-45.2
elon_musk,2013,-35.6
elon_musk,2014,-20.9
elon_musk,2015,-40.3
elon_musk,2016,-5.5
elon_musk,2017,-0.6
elon_musk,2018,9.3
elon_musk,2019,27.0
elon_musk,2020,18.6
elon_musk,2021,16.5
elon_musk,2022,8.7
elon_musk,2023,4.5
elon_musk,2024,4.5
elon_musk,2025,4.6
eric_lefkofsky,2022,-215.5
eric_lefkofsky,2023,-47.5
eric_lefkofsky,2024,-36.5
eric_lefkofsky,2025,-19.9
eric_schmidt,2013,34.9
eric_schmidt,2014,35.9
eric_schmidt,2015,34.9
eric_schmidt,2016,29.0
eric_schmidt,2017,23.6
eric_schmidt,2018,30.1
eric_schmidt,2019,48.6
eric_schmidt,2020,43.1
eric_schmidt,2021,30.6
eric_schmidt,2023,42.0
eric_schmidt,2024,36.9
eric_schmidt,2025,32.0
eric_yuan,2018,11.7
eric_yuan,2019,153.7
eric_yuan,2020,33.0
eric_yuan,2021,9.3
eric_yuan,2022,12.8
eric_yuan,2023,18.5
eric_yuan,2024,24.8
eric_yuan,2025,24.1
eric_yuan,2026,23.1
ernest_garcia_ii,2022,7.3
ernest_garcia_ii,2023,17.5
ernest_garcia_ii,2024,13.8
ernest_garcia_ii,2025,9.3
ernest_garcia_iii,2022,7.3
ernest_garcia_iii,2023,17.5
ernest_garcia_iii,2024,13.8
ernest_garcia_iii,2025,9.3
evan_spiegel,2015,-5941.7
evan_spiegel,2016,-861.7
evan_spiegel,2017,-422.5
evan_williams,2017,-2.8
evan_williams,2018,-27.9
evan_williams,2019,-58.7
evan_williams,2020,-84.3
evan_williams,2021,-73.6
evan_williams,2022,-37.3
evan_williams,2023,-45.5
evan_williams,2024,-47.8
farhad_ebrahimi,2016,1.4
farhad_ebrahimi,2017,-5.5
farhad_ebrahimi,2018,14.1
farhad_ebrahimi,2019,10.4
farhad_ebrahimi,2020,11.7
farhad_ebrahimi,2021,29.3
farhad_ebrahimi,2022,53.2
farhad_ebrahimi,2023,48.1
farhad_ebrahimi,2024,38.0
farhad_ebrahimi,2025,30.6
farris_wilks,2013,-2.7
farris_wilks,2014,-4.3
farris_wilks,2015,-2.5
farris_wilks,2016,-8.6
farris_wilks,2017,-4.0
farris_wilks,2018,-22.5
farris_wilks,2019,-18.5
frank_fertitta_iii,2017,3.7
frank_fertitta_iii,2018,5.3
frank_fertitta_iii,2019,21.6
frank_fertitta_iii,2020,47.5
frank_fertitta_iii,2021,34.5
frank_fertitta_iii,2022,34.2
frank_fertitta_iii,2023,34.7
frank_fertitta_iii,2024,30.8
frank_fertitta_iii,2025,29.7
frank_laukien,2009,4.8
frank_laukien,2010,3.0
frank_laukien,2011,3.7
frank_laukien,2012,2.5
frank_laukien,2013,3.8
frank_laukien,2014,4.3
frank_laukien,2015,5.8
frank_laukien,2016,6.6
frank_laukien,2017,20.1
frank_laukien,2018,19.2
frank_slootman,2010,54.0
frank_slootman,2011,55.4
frank_slootman,2012,58.0
frank_slootman,2013,62.7
frank_slootman,2014,63.1
frank_slootman,2015,59.8
frank_slootman,2016,53.7
frank_slootman,2017,53.3
fred_ehrsam,2019,576.4
fred_ehrsam,2020,-212.2
fred_ehrsam,2021,-2.1
fred_ehrsam,2022,72.2
fred_ehrsam,2023,46.2
fred_ehrsam,2024,21.9
fred_ehrsam,2025,20.0
fred_smith,2008,5.3
fred_smith,2009,10.3
fred_smith,2010,8.9
fred_smith,2011,4.7
fred_smith,2012,10.7
fred_smith,2013,-11.6
fred_smith,2014,-0.6
fred_smith,2015,-0.5
fred_smith,2016,10.0
fred_smith,2017,9.1
fred_smith,2018,8.6
frederic_luddy,2010,-174.6
frederic_luddy,2011,-90.3
frederic_luddy,2012,-62.3
frederic_luddy,2013,-39.2
frederic_luddy,2014,-61.9
frederic_luddy,2015,-10.1
frederic_luddy,2016,-7.3
frederic_luddy,2017,-5.2
gail_miller,2021,-14.7
gail_miller,2022,-24.0
gail_miller,2023,-5.9
gail_miller,2024,-7.6
gail_miller,2025,-6.0
gary_chouest,2016,52.9
gary_chouest,2017,36.4
gary_chouest,2018,30.2
gary_chouest,2019,18.9
gary_chouest,2020,13.6
gary_chouest,2021,16.8
gary_chouest,2022,27.1
gary_chouest,2023,30.3
gary_chouest,2024,24.1
gary_chouest,2025,20.3
gary_magness,2007,23.2
gary_magness,2008,5.8
gary_magness,2009,8.2
gary_magness,2010,8.7
gary_magness,2011,6.5
gary_magness,2012,6.1
gary_magness,2013,6.2
gary_magness,2014,6.2
gary_magness,2015,22.2
gary_magness,2016,20.3
gary_magness,2017,6.2
gary_magness,2018,4.1
gary_magness,2019,19.1
gary_magness,2020,13.6
gary_magness,2021,20.0
gary_magness,2022,19.2
gary_magness,2023,19.2
gary_michelson,2016,2.8
gary_michelson,2017,2.2
gary_michelson,2018,3.0
gary_michelson,2019,8.9
gary_michelson,2020,3.2
gary_michelson,2021,7.8
gary_michelson,2022,13.3
gary_michelson,2023,13.9
gary_michelson,2024,12.5
gary_michelson,2025,11.2
gary_rollins,2019,15.7
gary_rollins,2020,17.4
gary_tharaldson,2022,-145.3
gary_tharaldson,2023,149.8
gary_tharaldson,2024,43.8
gary_tharaldson,2025,20.3
geoffrey_palmer,2016,10.9
geoffrey_palmer,2017,10.3
geoffrey_palmer,2018,6.7
george_kurtz,2018,-123.0
george_kurtz,2019,-37.0
george_kurtz,2020,-29.6
george_kurtz,2021,-21.7
george_kurtz,2022,-0.1
george_kurtz,2023,-5.4
george_kurtz,2024,-9.6
george_kurtz,2025,-7.4
george_kurtz,2026,-6.1
george_marcus,2017,35.3
george_marcus,2018,35.1
george_marcus,2019,36.3
george_marcus,2020,39.8
george_marcus,2021,40.6
george_marcus,2022,43.8
george_marcus,2023,53.9
george_marcus,2024,50.7
george_marcus,2025,47.6
george_soros,2013,17.9
george_soros,2014,20.8
george_soros,2015,19.2
george_soros,2016,76.0
george_soros,2017,71.8
george_yancopoulos,2008,-40.9
george_yancopoulos,2009,-54.1
george_yancopoulos,2010,99.7
george_yancopoulos,2011,170.5
george_yancopoulos,2012,60.8
george_yancopoulos,2013,59.5
george_yancopoulos,2014,47.2
george_yancopoulos,2015,50.7
george_yancopoulos,2016,169.5
george_yancopoulos,2017,131.4
gordon_getty,2018,-197.1
gordon_getty,2019,-55.4
gordon_getty,2020,-14.8
gordon_getty,2021,7.8
gordon_getty,2022,16.3
gordon_getty,2023,63.6
gordon_getty,2024,49.3
gordon_getty,2025,31.6
greg_love,2008,15.4
greg_love,2009,-0.1
greg_love,2010,-1.5
greg_love,2011,-3.6
greg_love,2012,-13.2
greg_love,2013,-9.6
greg_love,2014,1.5
greg_love,2015,-1.4
greg_love,2016,-1.1
greg_love,2017,-1.0
greg_mondre,2016,1.4
greg_mondre,2017,-5.5
greg_mondre,2018,14.1
greg_mondre,2019,10.4
greg_mondre,2020,11.7
greg_mondre,2021,29.3
greg_mondre,2022,53.2
greg_mondre,2023,48.1
greg_mondre,2024,38.0
greg_mondre,2025,30.6
gwynne_shotwell,2018,9.5
harvey_jones,2008,-2.4
harvey_jones,2009,28.3
harvey_jones,2010,76.8
harvey_jones,2011,60.8
harvey_jones,2012,41.2
harvey_jones,2013,72.0
harvey_jones,2014,61.0
harvey_jones,2015,148.2
harvey_jones,2016,160.2
harvey_jones,2017,121.8
harvey_jones,2018,110.3
harvey_jones,2020,92.0
harvey_jones,2021,25.3
harvey_jones,2022,122.5
harvey_jones,2023,302.0
harvey_jones,2024,214.0
harvey_jones,2025,99.9
harvey_jones,2026,60.4
helen_johnson_leipold,2021,-14.7
helen_johnson_leipold,2022,-24.0
helen_johnson_leipold,2023,-5.9
helen_johnson_leipold,2024,-7.6
helen_johnson_leipold,2025,-6.0
henry_nicholas_iii,2016,12.5
henry_nicholas_iii,2017,34.1
henry_nicholas_iii,2018,30.3
henry_samueli,2016,12.5
henry_samueli,2017,34.1
henry_samueli,2018,30.3
herald_chen,2019,15.1
herald_chen,2020,-3.3
herald_chen,2021,23.2
herald_chen,2022,66.5
herald_chen,2023,225.4
herald_chen,2024,128.8
herald_chen,2025,75.8
herbert_allen_jr,2016,20.8
herbert_allen_jr,2017,27.9
herbert_allen_jr,2018,26.2
herbert_allen_jr,2019,27.7
herbert_allen_jr,2020,33.0
herbert_allen_jr,2021,29.3
herbert_allen_jr,2022,23.2
herbert_allen_jr,2023,30.1
herbert_allen_jr,2024,29.2
herbert_allen_jr,2025,28.7
herbert_fisk_johnson_iii,2021,-14.7
herbert_fisk_johnson_iii,2022,-24.0
herbert_fisk_johnson_iii,2023,-5.9
herbert_fisk_johnson_iii,2024,-7.6
herbert_fisk_johnson_iii,2025,-6.0
herbert_simon,2007,38.5
herbert_simon,2008,13.3
herbert_simon,2009,51.8
herbert_simon,2010,15.5
herbert_simon,2011,16.1
herbert_simon,2012,15.4
herbert_simon,2013,15.6
herbert_simon,2014,14.4
herbert_simon,2015,14.2
herbert_simon,2016,13.9
herbert_simon,2017,14.1
herbert_simon,2018,8.2
herbert_simon,2019,10.3
herbert_simon,2020,14.8
herbert_simon,2021,15.5
herbert_simon,2022,15.8
herbert_simon,2023,54.7
herbert_simon,2024,52.8
herbert_simon,2025,49.7
herbert_wertheim,2013,34.9
herbert_wertheim,2014,35.9
herbert_wertheim,2015,34.9
herbert_wertheim,2016,29.0
herbert_wertheim,2017,23.6
herbert_wertheim,2018,30.1
herbert_wertheim,2019,48.6
herbert_wertheim,2020,43.1
herbert_wertheim,2021,30.6
herbert_wertheim,2023,42.0
herbert_wertheim,2024,36.9
herbert_wertheim,2025,32.0
herriot_tabuteau,2022,-560.7
herriot_tabuteau,2023,-61.6
herriot_tabuteau,2024,-43.2
herriot_tabuteau,2025,-26.1
holden_spaht,2017,5.8
holden_spaht,2018,5.4
holden_spaht,2019,-11.7
holden_spaht,2020,22.2
holden_spaht,2021,9.3
holden_spaht,2022,5.5
holden_spaht,2023,-4.9
holden_spaht,2024,-5.0
holden_spaht,2025,-5.5
howard_schultz,2009,17.7
howard_schultz,2010,16.1
howard_schultz,2011,14.8
howard_schultz,2012,-2.4
howard_schultz,2013,-2.2
howard_schultz,2016,4.5
howard_schultz,2017,17.8
howard_schultz,2018,8.4
howard_schultz,2019,7.9
howard_schultz,2020,19.6
howard_schultz,2021,20.2
howard_schultz,2022,16.8
howard_schultz,2023,8.2
howard_schultz,2024,8.1
howard_schultz,2025,7.9
itzhak_ezratti,2019,14.9
itzhak_ezratti,2020,170.3
itzhak_ezratti,2021,22.0
itzhak_ezratti,2022,7.1
itzhak_ezratti,2023,9.6
itzhak_ezratti,2024,7.8
itzhak_ezratti,2025,6.4
j_christopher_flowers,2009,38.2
j_christopher_flowers,2010,42.3
j_christopher_flowers,2011,44.2
j_christopher_flowers,2012,137.8
j_christopher_flowers,2013,83.7
j_christopher_flowers,2014,23.1
j_christopher_flowers,2015,28.7
j_christopher_flowers,2016,36.4
j_christopher_flowers,2017,39.0
j_christopher_flowers,2018,40.4
j_christopher_flowers,2019,45.0
j_christopher_flowers,2020,30.8
j_christopher_flowers,2021,1.0
j_christopher_flowers,2022,11.3
j_christopher_flowers,2023,51.3
j_christopher_flowers,2024,47.6
j_christopher_flowers,2025,35.4
jack_cogen,2023,-20.1
jack_cogen,2024,-2.4
jack_cogen,2025,-0.9
jack_dorsey,2016,-2.1
jack_dorsey,2017,1.2
jack_dorsey,2018,0.8
jack_dorsey,2019,3.4
jack_dorsey,2020,-6.6
jack_dorsey,2021,-1.6
jack_dorsey,2022,5.1
jack_dorsey,2023,7.8
jack_dorsey,2024,7.1
jack_dorsey,2025,7.1
james_chao,2011,57.7
james_chao,2012,94.5
james_chao,2013,56.2
james_chao,2014,103.2
james_chao,2015,140.9
james_chao,2016,4.1
james_chao,2017,1.3
james_chao,2018,2.1
james_chao,2019,34.5
james_chao,2020,40.6
james_chao,2021,6.2
james_chao,2022,5.5
james_chao,2023,-12.6
james_chao,2024,-13.0
james_chao,2025,-14.1
james_clark,2013,34.9
james_clark,2014,35.9
james_clark,2015,34.9
james_clark,2016,29.0
james_clark,2017,23.6
james_clark,2018,30.1
james_clark,2019,48.6
james_clark,2020,43.1
james_clark,2021,30.6
james_clark,2023,42.0
james_clark,2024,36.9
james_clark,2025,32.0
jan_koum,2010,27.3
jan_koum,2011,75.6
jan_koum,2012,98.1
jan_koum,2013,79.1
jan_koum,2014,99.7
jan_koum,2015,112.7
jan_koum,2016,73.1
jan_koum,2017,49.7
jane_lauder,2016,-29.0
jane_lauder,2017,-34.7
jane_lauder,2018,-68.0
jane_lauder,2019,-20.7
jane_lauder,2020,-44.1
jane_lauder,2021,-22.0
jane_lauder,2022,-15.8
jane_lauder,2023,-12.6
jared_isaacman,2018,-1.0
jared_isaacman,2019,-6.7
jared_isaacman,2020,12.3
jared_isaacman,2021,8.4
jared_isaacman,2022,12.4
jared_isaacman,2023,13.7
jared_isaacman,2024,10.5
jared_isaacman,2025,8.4
jared_kaplan,2011,-5.8
jared_kaplan,2012,-10.0
jared_kaplan,2013,-8.7
jared_kaplan,2014,-7.6
jared_kaplan,2015,-2.9
jared_kaplan,2016,0.6
jared_kaplan,2017,0.5
jared_kaplan,2018,0.4
jason_murray,2022,5.1
jason_murray,2023,10.0
jason_murray,2024,7.6
jason_murray,2025,5.9
jay_chaudhry,2016,-43.1
jay_chaudhry,2017,-28.1
jay_chaudhry,2018,-59.9
jay_chaudhry,2019,-68.6
jay_chaudhry,2020,-75.9
jay_chaudhry,2021,-34.9
jay_chaudhry,2022,-11.1
jay_chaudhry,2023,-7.9
jay_chaudhry,2024,-5.9
jay_chaudhry,2025,-4.8
jay_robert_pritzker,2008,11.2
jay_robert_pritzker,2009,6.3
jay_robert_pritzker,2010,6.9
jay_robert_pritzker,2011,-1.9
jay_robert_pritzker,2012,1.0
jay_robert_pritzker,2013,0.5
jay_robert_pritzker,2014,-1.3
jay_robert_pritzker,2015,46.7
jay_robert_pritzker,2016,39.4
jay_robert_pritzker,2017,4.2
jay_robert_pritzker,2018,2.5
jay_robert_pritzker,2019,16.2
jay_robert_pritzker,2020,19.9
jay_robert_pritzker,2021,12.3
jay_robert_pritzker,2022,10.2
jay_robert_pritzker,2023,11.5
jay_robert_pritzker,2024,10.9
jay_robert_pritzker,2025,10.6
jayshree_ullal,2016,17.1
jayshree_ullal,2017,10.7
jayshree_ullal,2018,9.0
jayshree_ullal,2019,38.4
jayshree_ullal,2020,65.9
jayshree_ullal,2021,76.6
jayshree_ullal,2022,67.2
jayshree_ullal,2023,65.8
jayshree_ullal,2024,55.1
jayshree_ullal,2025,42.8
jean_gigi_pritzker,2017,-2.8
jean_gigi_pritzker,2018,-27.9
jean_gigi_pritzker,2019,-58.7
jean_gigi_pritzker,2020,-84.3
jean_gigi_pritzker,2021,-73.6
jean_gigi_pritzker,2022,-37.3
jean_gigi_pritzker,2023,-45.5
jean_gigi_pritzker,2024,-47.8
jeff_bezos,2016,2.8
jeff_bezos,2017,2.2
jeff_bezos,2018,3.0
jeff_bezos,2019,8.9
jeff_bezos,2020,3.2
jeff_bezos,2021,7.8
jeff_bezos,2022,13.3
jeff_bezos,2023,13.9
jeff_bezos,2024,12.5
jeff_bezos,2025,11.2
jeff_greene,2009,4.0
jeff_greene,2010,6.6
jeff_greene,2011,3.6
jeff_greene,2012,0.9
jeff_greene,2013,23.3
jeff_greene,2014,18.6
jeff_greene,2015,14.0
jeff_greene,2016,0.8
jeff_greene,2017,-0.2
jeff_greene,2018,-2.7
jeff_greene,2019,-161.3
jeff_greene,2020,-265.4
jeff_greene,2021,-249.8
jeff_greene,2022,-255.5
jeff_greene,2023,-373.4
jeff_greene,2024,-399.8
jeff_lawson,2014,-46.5
jeff_lawson,2015,-39.6
jeff_lawson,2016,-23.8
jeff_lawson,2017,-16.6
jeff_rothschild,2010,27.3
jeff_rothschild,2011,75.6
jeff_rothschild,2012,98.1
jeff_rothschild,2013,79.1
jeff_rothschild,2014,99.7
jeff_rothschild,2015,112.7
jeff_rothschild,2016,73.1
jeff_rothschild,2017,49.7
jeff_skoll,2009,27.2
jeff_skoll,2010,31.5
jeff_skoll,2011,28.9
jeff_skoll,2012,25.0
jeff_skoll,2013,21.9
jeff_skoll,2014,19.6
jeff_sprecher,2011,12.3
jeff_sprecher,2012,29.3
jeff_sprecher,2013,24.2
jeff_sprecher,2014,12.8
jeff_sprecher,2015,12.6
jeff_sprecher,2016,11.3
jeff_sprecher,2017,10.6
jeff_t_green,2016,52.9
jeff_t_green,2017,36.4
jeff_t_green,2018,30.2
jeff_t_green,2019,18.9
jeff_t_green,2020,13.6
jeff_t_green,2021,16.8
jeff_t_green,2022,27.1
jeff_t_green,2023,30.3
jeff_t_green,2024,24.1
jeff_t_green,2025,20.3
jeff_tangney,2020,97.5
jeff_tangney,2021,60.5
jeff_tangney,2022,47.7
jeff_tangney,2023,54.4
jeff_tangney,2024,47.9
jeff_tangney,2025,39.9
jeffrey_lorberbaum,2016,12.2
jeffrey_lorberbaum,2017,8.7
jeffrey_lorberbaum,2018,6.4
jeffrey_lorberbaum,2019,13.4
jeffrey_lorberbaum,2020,2.6
jeffrey_lorberbaum,2021,-2.6
jeffrey_lorberbaum,2022,5.9
jeffrey_lorberbaum,2023,4.4
jeffrey_lorberbaum,2024,4.5
jeffrey_lorberbaum,2025,4.5
jensen_huang,2008,-2.4
jensen_huang,2009,28.3
jensen_huang,2010,76.8
jensen_huang,2011,60.8
jensen_huang,2012,41.2
jensen_huang,2013,72.0
jensen_huang,2014,61.0
jensen_huang,2015,148.2
jensen_huang,2016,160.2
jensen_huang,2017,121.8
jensen_huang,2018,110.3
jensen_huang,2020,92.0
jensen_huang,2021,25.3
jensen_huang,2022,122.5
jensen_huang,2023,302.0
jensen_huang,2024,214.0
jensen_huang,2025,99.9
jensen_huang,2026,60.4
jerry_jones,2010,-29.2
jerry_jones,2011,-5.6
jerry_jones,2012,-19.6
jerry_jones,2013,-19.1
jerry_jones,2014,-14.5
jerry_moyes,2009,3.8
jerry_moyes,2010,3.7
jerry_moyes,2011,2.7
jerry_moyes,2012,3.3
jerry_moyes,2013,3.0
jerry_moyes,2014,1.8
jerry_moyes,2015,37.9
jerry_moyes,2016,13.6
jerry_moyes,2017,2.8
jerry_moyes,2018,10.6
jerry_moyes,2019,19.9
jerry_moyes,2020,23.4
jerry_moyes,2021,5.6
jerry_moyes,2022,3.3
jerry_moyes,2023,3.0
jerry_moyes,2024,2.9
jerry_moyes,2025,2.9
jim_kavanaugh,2008,11.2
jim_kavanaugh,2009,6.3
jim_kavanaugh,2010,6.9
jim_kavanaugh,2011,-1.9
jim_kavanaugh,2012,1.0
jim_kavanaugh,2013,0.5
jim_kavanaugh,2014,-1.3
jim_kavanaugh,2015,46.7
jim_kavanaugh,2016,39.4
jim_kavanaugh,2017,4.2
jim_kavanaugh,2018,2.5
jim_kavanaugh,2019,16.2
jim_kavanaugh,2020,19.9
jim_kavanaugh,2021,12.3
jim_kavanaugh,2022,10.2
jim_kavanaugh,2023,11.5
jim_kavanaugh,2024,10.9
jim_kavanaugh,2025,10.6
jim_koch,2009,6.2
jim_koch,2010,5.8
jim_koch,2011,5.7
jim_koch,2012,5.5
jim_koch,2013,3.6
jim_koch,2014,3.8
jim_koch,2015,1.5
jim_koch,2016,3.2
jim_koch,2017,2.1
jim_koch,2018,4.2
jim_koch,2019,14.0
jim_koch,2020,9.1
jim_koch,2021,4.9
jim_koch,2022,3.6
jim_koch,2023,7.2
jim_koch,2024,7.2
jim_koch,2025,7.4
jim_mckelvey,2016,-2.1
jim_mckelvey,2017,1.2
jim_mckelvey,2018,0.8
jim_mckelvey,2019,3.4
jim_mckelvey,2020,-6.6
jim_mckelvey,2021,-1.6
jim_mckelvey,2022,5.1
jim_mckelvey,2023,7.8
jim_mckelvey,2024,7.1
jim_mckelvey,2025,7.1
jim_walton,2008,6.4
jim_walton,2009,6.3
jim_walton,2010,6.5
jim_walton,2011,25.2
jim_walton,2012,23.6
jim_walton,2013,23.5
jim_walton,2014,20.3
jim_walton,2015,19.4
jim_walton,2016,17.3
jim_walton,2017,17.8
jim_walton,2018,16.5
jim_walton,2019,16.1
jim_walton,2020,5.0
jim_walton,2021,3.7
jim_walton,2022,4.7
jim_walton,2023,4.8
jim_walton,2024,4.6
jim_walton,2025,4.4
jim_walton,2026,4.2
jimmy_rane,2019,-283.1
jimmy_rane,2020,38.3
jimmy_rane,2021,449.3
jimmy_rane,2022,-1.0
jimmy_rane,2023,-62.4
jimmy_rane,2024,-35.8
jimmy_rane,2025,-30.8
joe_gebbia,2019,8.9
joe_gebbia,2020,53.3
joe_gebbia,2021,25.3
joe_gebbia,2022,30.4
joe_gebbia,2023,25.7
joe_gebbia,2024,22.9
joe_gebbia,2025,20.8
joe_kiani,2009,34.6
joe_kiani,2010,19.9
joe_kiani,2011,19.8
joe_kiani,2012,16.9
joe_kiani,2013,6.7
joe_kiani,2014,25.6
joe_kiani,2015,203.4
joe_kiani,2016,7.6
joe_kiani,2017,7.8
joe_kiani,2018,7.6
joe_kiani,2019,8.3
joe_kiani,2020,27.8
joe_kiani,2021,25.2
joe_kiani,2022,23.6
joe_lonsdale,2018,-197.1
joe_lonsdale,2019,-55.4
joe_lonsdale,2020,-14.8
joe_lonsdale,2021,7.8
joe_lonsdale,2022,16.3
joe_lonsdale,2023,63.6
joe_lonsdale,2024,49.3
joe_lonsdale,2025,31.6
joe_mansueto,2008,24.1
joe_mansueto,2009,25.3
joe_mansueto,2010,21.8
joe_mansueto,2016,6.2
joe_mansueto,2017,4.4
joe_mansueto,2018,6.4
joe_mansueto,2019,21.8
joe_mansueto,2020,12.1
joe_mansueto,2021,13.6
joe_mansueto,2022,25.9
joe_mansueto,2023,25.8
joe_mansueto,2024,23.1
joe_mansueto,2025,21.5
joe_shoen,2010,20.8
joe_shoen,2011,22.2
joe_shoen,2012,25.1
joe_shoen,2013,25.9
joe_shoen,2014,30.6
joe_shoen,2015,24.1
joe_shoen,2016,23.3
joe_shoen,2017,18.1
joe_shoen,2018,15.0
joe_shoen,2019,25.5
joe_shoen,2020,41.3
joe_shoen,2021,31.8
joe_shoen,2022,17.0
joe_shoen,2023,12.2
joe_shoen,2024,12.7
joe_shoen,2025,12.3
joel_greenberg,2017,53.9
joel_greenberg,2018,61.1
joel_greenberg,2019,75.0
joel_greenberg,2020,66.9
joel_greenberg,2021,36.4
joel_greenberg,2022,20.9
joel_greenberg,2023,17.9
joel_greenberg,2024,19.1
joel_greenberg,2025,19.8
john_a_sobrato,2016,12.0
john_a_sobrato,2017,11.7
john_a_sobrato,2018,12.6
john_a_sobrato,2019,12.0
john_a_sobrato,2020,11.8
john_a_sobrato,2021,10.8
john_a_sobrato,2022,7.3
john_a_sobrato,2022,12.6
john_a_sobrato,2023,14.0
john_a_sobrato,2023,17.5
john_a_sobrato,2024,12.6
john_a_sobrato,2024,13.8
john_a_sobrato,2025,9.3
john_a_sobrato,2025,11.5
john_abele,2012,-4.3
john_abele,2013,-4.6
john_abele,2014,6.0
john_abele,2015,5.5
john_abele,2016,4.9
john_bicket,2021,-103.8
john_bicket,2022,-75.5
john_bicket,2023,-29.1
john_bicket,2024,-20.3
john_bicket,2025,-15.2
john_bicket,2026,-3.2
john_brown,2016,22.4
john_brown,2017,21.8
john_brown,2018,16.3
john_brown,2019,17.4
john_brown,2020,19.8
john_brown,2021,22.7
john_brown,2022,20.0
john_brown,2023,23.9
john_brown,2024,76.0
john_brown,2025,68.2
john_catsimatidis,2021,-14.7
john_catsimatidis,2022,-24.0
john_catsimatidis,2023,-5.9
john_catsimatidis,2024,-7.6
john_catsimatidis,2025,-6.0
john_doerr,2013,34.9
john_doerr,2014,35.9
john_doerr,2015,34.9
john_doerr,2016,29.0
john_doerr,2017,23.6
john_doerr,2018,30.1
john_doerr,2019,48.6
john_doerr,2020,43.1
john_doerr,2021,30.6
john_doerr,2023,42.0
john_doerr,2024,36.9
john_doerr,2025,32.0
john_fish,2017,-108.4
john_fish,2018,-46.6
john_fish,2019,-29.5
john_fish,2020,-16.4
john_fish,2021,6.4
john_fish,2022,8.8
john_fish,2023,14.9
john_fish,2024,12.7
john_fish,2025,10.7
john_fisher,2017,35.5
john_fisher,2018,14.0
john_fisher,2019,14.4
john_fisher,2020,4.9
john_fisher,2021,-0.5
john_fisher,2022,3.4
john_fisher,2023,7.1
john_fisher,2024,7.5
john_fisher,2025,7.4
john_fisher,2026,7.3
john_goff,2019,14.9
john_goff,2020,170.3
john_goff,2021,22.0
john_goff,2022,7.1
john_goff,2023,9.6
john_goff,2024,7.8
john_goff,2025,6.4
john_krystynak,2019,15.1
john_krystynak,2020,-3.3
john_krystynak,2021,23.2
john_krystynak,2022,66.5
john_krystynak,2023,225.4
john_krystynak,2024,128.8
john_krystynak,2025,75.8
john_menard_jr,2016,10.8
john_menard_jr,2017,8.9
john_menard_jr,2018,3.5
john_menard_jr,2019,10.5
john_menard_jr,2020,12.8
john_menard_jr,2021,9.4
john_menard_jr,2022,3.4
john_menard_jr,2023,-3.9
john_menard_jr,2024,-4.9
john_menard_jr,2025,-4.9
john_oyler,2014,-285.9
john_oyler,2015,-1177.4
john_oyler,2016,-9700.7
john_oyler,2017,-571.1
john_paul_dejoria,2019,-254.5
john_paul_dejoria,2020,2576.6
john_paul_dejoria,2021,193.7
john_paul_dejoria,2022,44.6
john_paul_dejoria,2023,13.3
john_paul_dejoria,2024,13.4
john_paul_dejoria,2025,17.4
john_stanton,2016,14.8
john_stanton,2017,16.0
john_stanton,2018,14.1
john_stanton,2019,14.4
john_stanton,2020,15.0
john_tyson,2016,9.0
john_tyson,2017,5.9
john_tyson,2018,9.4
john_tyson,2019,8.9
john_tyson,2020,10.2
john_tyson,2021,-0.8
john_tyson,2022,2.6
john_tyson,2023,2.1
john_tyson,2024,2.1
john_tyson,2025,2.0
johnelle_hunt,2008,9.3
johnelle_hunt,2009,13.9
johnelle_hunt,2010,3.8
johnelle_hunt,2011,3.4
johnelle_hunt,2012,3.6
johnelle_hunt,2013,3.5
johnelle_hunt,2014,3.2
johnelle_hunt,2015,2.4
johnelle_hunt,2016,8.5
johnelle_hunt,2017,7.3
jon_stryker,2016,22.4
jon_stryker,2017,21.8
jon_stryker,2018,16.3
jon_stryker,2019,17.4
jon_stryker,2020,19.8
jon_stryker,2021,22.7
jon_stryker,2022,20.0
jon_stryker,2023,23.9
jon_stryker,2024,76.0
jon_stryker,2025,68.2
jonathan_nelson,2007,21.9
jonathan_nelson,2008,27.7
jonathan_nelson,2009,37.3
jonathan_nelson,2010,31.1
jonathan_nelson,2011,10.0
jonathan_nelson,2012,9.4
jonathan_nelson,2013,22.3
jonathan_nelson,2014,36.0
jonathan_nelson,2015,45.2
jonathan_nelson,2016,48.5
jonathan_nelson,2017,44.8
jonathan_nelson,2018,46.9
jonathan_nelson,2019,51.9
jonathan_nelson,2020,47.4
jonathan_nelson,2021,42.1
jonathan_nelson,2022,38.3
jonathan_nelson,2023,44.9
jonathan_nelson,2024,40.5
jonathan_nelson,2025,36.6
joseph_steinberg,2016,8.3
joseph_steinberg,2017,-11.2
joseph_steinberg,2018,-10.5
joseph_steinberg,2019,-13.2
joseph_steinberg,2020,0.4
joseph_steinberg,2021,2.9
joseph_steinberg,2022,2.7
joseph_steinberg,2023,0.1
joseph_steinberg,2024,-5.1
joseph_steinberg,2025,-5.7
justin_ishbia,2019,-0.0
justin_ishbia,2020,-0.1
kamal_ghaffarian,2022,-65.4
kamal_ghaffarian,2023,-72.1
kamal_ghaffarian,2024,-25.2
karen_pritzker,2016,90.5
karen_pritzker,2017,80.3
karen_pritzker,2018,112.7
katharine_rayner,2019,-0.0
katharine_rayner,2020,-0.1
kavitark_ram_shriram,2013,34.9
kavitark_ram_shriram,2014,35.9
kavitark_ram_shriram,2015,34.9
kavitark_ram_shriram,2016,29.0
kavitark_ram_shriram,2017,23.6
kavitark_ram_shriram,2018,30.1
kavitark_ram_shriram,2019,48.6
kavitark_ram_shriram,2020,43.1
kavitark_ram_shriram,2021,30.6
kavitark_ram_shriram,2023,42.0
kavitark_ram_shriram,2024,36.9
kavitark_ram_shriram,2025,32.0
keith_dunleavy,2009,-450.2
keith_dunleavy,2010,-53.7
keith_dunleavy,2011,-688.9
keith_dunleavy,2012,-604.5
keith_dunleavy,2013,381.6
keith_dunleavy,2014,450.8
keith_dunleavy,2015,123.1
keith_dunleavy,2016,152.3
keith_dunleavy,2017,95.5
kelcy_warren,2008,11.2
kelcy_warren,2009,6.3
kelcy_warren,2010,6.9
kelcy_warren,2011,-1.9
kelcy_warren,2012,1.0
kelcy_warren,2013,0.5
kelcy_warren,2014,-1.3
kelcy_warren,2015,46.7
kelcy_warren,2016,39.4
kelcy_warren,2017,4.2
kelcy_warren,2018,2.5
kelcy_warren,2019,16.2
kelcy_warren,2020,19.9
kelcy_warren,2021,12.3
kelcy_warren,2022,10.2
kelcy_warren,2023,11.5
kelcy_warren,2024,10.9
kelcy_warren,2025,10.6
ken_kendrick,2010,27.3
ken_kendrick,2011,75.6
ken_kendrick,2012,98.1
ken_kendrick,2013,79.1
ken_kendrick,2014,99.7
ken_kendrick,2015,112.7
ken_kendrick,2016,73.1
ken_kendrick,2017,49.7
ken_xie,2017,23.0
ken_xie,2018,29.5
ken_xie,2019,30.1
ken_xie,2020,37.4
ken_xie,2021,37.1
ken_xie,2022,40.8
ken_xie,2023,39.3
ken_xie,2024,35.0
ken_xie,2025,30.7
kevin_glazer,2009,3.8
kevin_glazer,2010,3.7
kevin_glazer,2011,2.7
kevin_glazer,2012,3.3
kevin_glazer,2013,3.0
kevin_glazer,2014,1.8
kevin_glazer,2015,37.9
kevin_glazer,2016,13.6
kevin_glazer,2017,2.8
kevin_glazer,2018,10.6
kevin_glazer,2019,19.9
kevin_glazer,2020,23.4
kevin_glazer,2021,5.6
kevin_glazer,2022,3.3
kevin_glazer,2023,3.0
kevin_glazer,2024,2.9
kevin_glazer,2025,2.9
kevin_marchetti,2023,3.4
kevin_marchetti,2024,3.4
kevin_marchetti,2025,3.4
kevin_plank,2011,7.4
kevin_plank,2012,6.0
kevin_plank,2013,4.7
kevin_plank,2016,-0.2
kevin_plank,2017,1.5
kevin_plank,2018,1.1
kevin_plank,2019,9.2
kevin_plank,2020,6.3
kevin_plank,2021,-0.1
kevin_plank,2022,-0.2
kevin_plank,2023,-0.2
kevin_plank,2024,-3.2
kevin_plank,2025,-3.6
kim_kardashian,2018,-1.0
kim_kardashian,2019,-6.7
kim_kardashian,2020,12.3
kim_kardashian,2021,8.4
kim_kardashian,2022,12.4
kim_kardashian,2023,13.7
kim_kardashian,2024,10.5
kim_kardashian,2025,8.4
larry_ellison,2008,40.4
larry_ellison,2009,51.8
larry_ellison,2010,51.1
larry_ellison,2011,41.2
larry_ellison,2012,39.8
larry_ellison,2013,37.3
larry_ellison,2014,32.9
larry_ellison,2015,33.2
larry_ellison,2016,36.9
larry_ellison,2017,35.8
larry_ellison,2018,35.3
larry_ellison,2019,38.5
larry_ellison,2020,28.0
larry_ellison,2021,27.0
larry_ellison,2022,25.7
larry_ellison,2023,35.4
larry_ellison,2024,33.4
larry_ellison,2025,30.8
larry_page,2013,34.9
larry_page,2014,35.9
larry_page,2015,34.9
larry_page,2016,29.0
larry_page,2017,23.6
larry_page,2018,30.1
larry_page,2019,48.6
larry_page,2020,43.1
larry_page,2021,30.6
larry_page,2023,42.0
larry_page,2024,36.9
larry_page,2025,32.0
larry_silverstein,2020,12.8
larry_silverstein,2021,13.2
larry_silverstein,2022,14.6
larry_silverstein,2023,13.8
larry_silverstein,2024,11.8
larry_silverstein,2025,11.0
lauren_leichtman,2017,133.9
lauren_leichtman,2018,109.2
lauren_leichtman,2019,107.8
lauren_leichtman,2020,27.9
lauren_leichtman,2021,33.0
lauren_leichtman,2022,35.9
lauren_leichtman,2023,3.8
lauren_leichtman,2024,16.6
lauren_leichtman,2025,16.4
laurence_fink,2022,68.5
laurence_fink,2023,68.8
laurence_fink,2024,59.2
laurene_powell_jobs,2016,90.5
laurene_powell_jobs,2017,80.3
laurene_powell_jobs,2018,112.7
leo_koguan,2008,6.2
leo_koguan,2009,6.7
leo_koguan,2010,7.3
leonard_schleifer,2008,-40.9
leonard_schleifer,2009,-54.1
leonard_schleifer,2010,99.7
leonard_schleifer,2011,170.5
leonard_schleifer,2012,60.8
leonard_schleifer,2013,59.5
leonard_schleifer,2014,47.2
leonard_schleifer,2015,50.7
leonard_schleifer,2016,169.5
leonard_schleifer,2017,131.4
les_wexner,2018,3.0
les_wexner,2019,47.6
les_wexner,2020,51.6
les_wexner,2021,38.8
les_wexner,2022,40.7
les_wexner,2023,16.7
les_wexner,2024,15.2
les_wexner,2025,15.4
les_wexner,2026,15.4
liesel_pritzker_simmons,2008,3.8
liesel_pritzker_simmons,2009,4.7
liesel_pritzker_simmons,2010,4.0
liesel_pritzker_simmons,2011,5.4
liesel_pritzker_simmons,2012,5.2
liesel_pritzker_simmons,2013,5.0
liesel_pritzker_simmons,2014,4.7
liesel_pritzker_simmons,2015,4.0
liesel_pritzker_simmons,2016,3.6
liesel_pritzker_simmons,2017,3.8
liesel_pritzker_simmons,2018,2.6
liesel_pritzker_simmons,2019,8.9
liesel_pritzker_simmons,2020,9.9
liesel_pritzker_simmons,2021,6.4
liesel_pritzker_simmons,2022,4.8
liesel_pritzker_simmons,2023,4.6
liesel_pritzker_simmons,2024,4.6
liesel_pritzker_simmons,2025,4.5
lisa_su,2016,0.6
lisa_su,2017,6.6
lisa_su,2018,8.8
lisa_su,2019,26.8
lisa_su,2020,17.6
lisa_su,2021,2.4
lisa_su,2022,8.1
lisa_su,2023,16.3
lisa_su,2024,14.3
lisa_su,2025,10.7
lorenzo_fertitta,2017,3.7
lorenzo_fertitta,2018,5.3
lorenzo_fertitta,2019,21.6
lorenzo_fertitta,2020,47.5
lorenzo_fertitta,2021,34.5
lorenzo_fertitta,2022,34.2
lorenzo_fertitta,2023,34.7
lorenzo_fertitta,2024,30.8
lorenzo_fertitta,2025,29.7
lucy_stitzer,2011,57.7
lucy_stitzer,2012,94.5
lucy_stitzer,2013,56.2
lucy_stitzer,2014,103.2
lucy_stitzer,2015,140.9
lucy_stitzer,2016,4.1
lucy_stitzer,2017,1.3
lucy_stitzer,2018,2.1
lucy_stitzer,2019,34.5
lucy_stitzer,2020,40.6
lucy_stitzer,2021,6.2
lucy_stitzer,2022,5.5
lucy_stitzer,2023,-12.6
lucy_stitzer,2024,-13.0
lucy_stitzer,2025,-14.1
lukas_walton,2008,6.4
lukas_walton,2009,6.3
lukas_walton,2010,6.5
lukas_walton,2011,25.2
lukas_walton,2012,23.6
lukas_walton,2013,23.5
lukas_walton,2014,20.3
lukas_walton,2015,19.4
lukas_walton,2016,17.3
lukas_walton,2017,17.8
lukas_walton,2018,16.5
lukas_walton,2019,16.1
lukas_walton,2020,5.0
lukas_walton,2021,3.7
lukas_walton,2022,4.7
lukas_walton,2023,4.8
lukas_walton,2024,4.6
lukas_walton,2025,4.4
lukas_walton,2026,4.2
lyndal_stephens_greth,2017,-31.9
lyndal_stephens_greth,2018,-251.7
lyndal_stephens_greth,2019,100.9
lyndal_stephens_greth,2020,231.4
lyndal_stephens_greth,2021,67.2
lyndal_stephens_greth,2022,45.6
lyndal_stephens_greth,2023,15.0
lyndal_stephens_greth,2024,11.4
lyndal_stephens_greth,2025,8.4
mackenzie_scott,2016,2.8
mackenzie_scott,2017,2.2
mackenzie_scott,2018,3.0
mackenzie_scott,2019,8.9
mackenzie_scott,2020,3.2
mackenzie_scott,2021,7.8
mackenzie_scott,2022,13.3
mackenzie_scott,2023,13.9
mackenzie_scott,2024,12.5
mackenzie_scott,2025,11.2
marc_andreessen,2019,576.4
marc_andreessen,2020,-212.2
marc_andreessen,2021,-2.1
marc_andreessen,2022,72.2
marc_andreessen,2023,46.2
marc_andreessen,2024,21.9
marc_andreessen,2025,20.0
marc_benioff,2008,15.4
marc_benioff,2009,-0.1
marc_benioff,2010,-1.5
marc_benioff,2011,-3.6
marc_benioff,2012,-13.2
marc_benioff,2013,-9.6
marc_benioff,2014,1.5
marc_benioff,2015,-1.4
marc_benioff,2016,-1.1
marc_benioff,2017,-1.0
marcelo_claure,2008,26.1
marcelo_claure,2009,20.7
marcelo_claure,2010,17.7
marcelo_claure,2011,0.7
marcelo_claure,2012,2.2
marcelo_claure,2013,3.4
marcelo_claure,2014,3.2
marcelo_claure,2015,3.4
marcelo_claure,2016,10.9
marcelo_claure,2017,10.3
marco_degeorge,2019,-562.7
marco_degeorge,2020,-270.1
marco_degeorge,2021,-142.3
marco_degeorge,2022,-89.8
marco_degeorge,2023,-70.5
marco_degeorge,2024,-51.9
marco_degeorge,2025,-40.2
marianne_liebmann,2019,15.1
marianne_liebmann,2020,-3.3
marianne_liebmann,2021,23.2
marianne_liebmann,2022,66.5
marianne_liebmann,2023,225.4
marianne_liebmann,2024,128.8
marianne_liebmann,2025,75.8
marissa_mayer,2013,34.9
marissa_mayer,2014,35.9
marissa_mayer,2015,34.9
marissa_mayer,2016,29.0
marissa_mayer,2017,23.6
marissa_mayer,2018,30.1
marissa_mayer,2019,48.6
marissa_mayer,2020,43.1
marissa_mayer,2021,30.6
marissa_mayer,2023,42.0
marissa_mayer,2024,36.9
marissa_mayer,2025,32.0
mark_attanasio,2016,14.8
mark_attanasio,2017,16.0
mark_attanasio,2018,14.1
mark_attanasio,2019,14.4
mark_attanasio,2020,15.0
mark_cuban,2009,8.5
mark_cuban,2010,8.3
mark_cuban,2011,8.7
mark_cuban,2012,8.7
mark_cuban,2013,34.9
mark_cuban,2014,35.9
mark_cuban,2015,8.0
mark_cuban,2016,8.9
mark_cuban,2017,3.3
mark_cuban,2018,-19.8
mark_cuban,2019,-10.3
mark_cuban,2020,-36.6
mark_cuban,2021,-8.7
mark_cuban,2022,-6.9
mark_cuban,2023,-6.3
mark_cuban,2024,-6.7
mark_hancock,2022,5.1
mark_hancock,2023,10.0
mark_hancock,2024,7.6
mark_hancock,2025,5.9
mark_jones,2017,12.6
mark_jones,2018,135.5
mark_jones,2019,11.2
mark_jones,2020,8.7
mark_jones,2021,21.8
mark_jones,2022,29.2
mark_jones,2023,28.5
mark_jones,2024,23.7
mark_jones,2025,20.4
mark_pincus,2019,-3727.7
mark_pincus,2021,-2258.5
mark_pincus,2022,-2723.5
mark_shoen,2010,20.8
mark_shoen,2011,22.2
mark_shoen,2012,25.1
mark_shoen,2013,25.9
mark_shoen,2014,30.6
mark_shoen,2015,24.1
mark_shoen,2016,23.3
mark_shoen,2017,18.1
mark_shoen,2018,15.0
mark_shoen,2019,25.5
mark_shoen,2020,41.3
mark_shoen,2021,31.8
mark_shoen,2022,17.0
mark_shoen,2023,12.2
mark_shoen,2024,12.7
mark_shoen,2025,12.3
mark_stevens,2019,8.9
mark_stevens,2020,53.3
mark_stevens,2021,25.3
mark_stevens,2022,30.4
mark_stevens,2023,25.7
mark_stevens,2024,22.9
mark_stevens,2025,20.8
mark_zuckerberg,2010,27.3
mark_zuckerberg,2011,75.6
mark_zuckerberg,2012,98.1
mark_zuckerberg,2013,79.1
mark_zuckerberg,2014,99.7
mark_zuckerberg,2015,112.7
mark_zuckerberg,2016,73.1
mark_zuckerberg,2017,49.7
martha_ingram,2017,15.0
martha_ingram,2018,26.5
martha_ingram,2019,26.1
martha_ingram,2020,8.2
martha_ingram,2021,5.9
martha_ingram,2022,2.6
martha_ingram,2023,2.0
martha_ingram,2024,2.1
martha_ingram,2025,2.2
martine_rothblatt,2008,58.3
martine_rothblatt,2009,88.5
martine_rothblatt,2010,71.1
martine_rothblatt,2011,39.4
martine_rothblatt,2012,58.8
martine_rothblatt,2013,62.6
martine_rothblatt,2014,82.4
martine_rothblatt,2015,55.6
martine_rothblatt,2016,50.4
martine_rothblatt,2017,-10.9
martine_rothblatt,2018,-49.2
martine_rothblatt,2019,-60.3
martine_rothblatt,2020,40.0
mary_alice_dorrance_malone,2017,59.8
mary_alice_dorrance_malone,2018,50.3
mary_alice_dorrance_malone,2019,50.7
mary_alice_dorrance_malone,2020,13.4
mary_alice_dorrance_malone,2021,15.5
mary_alice_dorrance_malone,2022,11.7
mary_alice_dorrance_malone,2023,12.0
mary_alice_dorrance_malone,2024,11.7
mary_alice_dorrance_malone,2025,11.0
mat_ishbia,2019,-0.0
mat_ishbia,2020,-0.1
matthew_prince,2017,-80.0
matthew_prince,2018,-55.4
matthew_prince,2019,-44.5
matthew_prince,2020,-46.7
matthew_prince,2021,-28.3
matthew_prince,2022,-15.9
matthew_prince,2023,-16.0
matthew_prince,2024,-12.4
matthew_prince,2025,-9.6
max_levchin,2019,-143.4
max_levchin,2020,-74.4
max_levchin,2021,-138.0
max_levchin,2022,-45.6
max_levchin,2023,-5.5
max_levchin,2024,-3.8
max_levchin,2025,-2.7
meg_whitman,2023,-20.1
meg_whitman,2024,-2.4
meg_whitman,2025,-0.9
melinda_french_gates,2008,3.8
melinda_french_gates,2009,4.7
melinda_french_gates,2010,4.0
melinda_french_gates,2011,5.4
melinda_french_gates,2012,5.2
melinda_french_gates,2013,5.0
melinda_french_gates,2014,4.7
melinda_french_gates,2015,4.0
melinda_french_gates,2016,3.6
melinda_french_gates,2017,3.8
melinda_french_gates,2018,2.6
melinda_french_gates,2019,8.9
melinda_french_gates,2020,9.9
melinda_french_gates,2021,6.4
melinda_french_gates,2022,4.8
melinda_french_gates,2023,4.6
melinda_french_gates,2024,4.6
melinda_french_gates,2025,4.5
michael_dell,2018,11.7
michael_dell,2019,11.5
michael_dell,2020,21.6
michael_dell,2021,17.6
michael_dell,2022,5.1
michael_dell,2023,9.7
michael_dell,2024,8.9
michael_dell,2025,8.5
michael_dell,2026,7.2
michael_intrator,2023,-20.1
michael_intrator,2024,-2.4
michael_intrator,2025,-0.9
michael_jordan,2022,-27.2
michael_jordan,2023,-0.4
michael_jordan,2024,-0.3
michael_jordan,2025,-0.3
michael_kim,2019,-143.4
michael_kim,2020,-74.4
michael_kim,2021,-138.0
michael_kim,2022,-45.6
michael_kim,2023,-5.5
michael_kim,2024,-3.8
michael_kim,2025,-2.7
michael_krasny,2016,4.7
michael_krasny,2017,1.9
michael_krasny,2018,2.2
michael_krasny,2019,41.1
michael_krasny,2020,53.0
michael_krasny,2021,27.7
michael_krasny,2022,22.9
michael_patterson,2022,68.5
michael_patterson,2023,68.8
michael_patterson,2024,59.2
michael_saylor,2009,4.0
michael_saylor,2010,6.6
michael_saylor,2011,3.6
michael_saylor,2012,0.9
michael_saylor,2013,23.3
michael_saylor,2014,18.6
michael_saylor,2015,14.0
michael_saylor,2016,0.8
michael_saylor,2017,-0.2
michael_saylor,2018,-2.7
michael_saylor,2019,-161.3
michael_saylor,2020,-265.4
michael_saylor,2021,-249.8
michael_saylor,2022,-255.5
michael_saylor,2023,-373.4
michael_saylor,2024,-399.8
michael_steinhardt,2016,28.0
michael_steinhardt,2017,26.8
michael_steinhardt,2018,22.4
michael_steinhardt,2021,28.8
michael_steinhardt,2022,45.6
michael_steinhardt,2023,49.9
michael_steinhardt,2024,40.7
michael_steinhardt,2025,35.3
michael_xie,2017,23.0
michael_xie,2018,29.5
michael_xie,2019,30.1
michael_xie,2020,37.4
michael_xie,2021,37.1
michael_xie,2022,40.8
michael_xie,2023,39.3
michael_xie,2024,35.0
michael_xie,2025,30.7
micky_arison,2007,16.5
micky_arison,2008,14.7
micky_arison,2009,16.4
micky_arison,2014,19.3
micky_arison,2015,17.9
micky_arison,2016,20.3
micky_arison,2017,19.0
micky_arison,2018,17.6
mike_brown,2022,68.5
mike_brown,2023,68.8
mike_brown,2024,59.2
mike_speiser,2017,-22.9
mike_speiser,2018,-18.7
mike_speiser,2019,-19.2
mike_speiser,2020,-6.0
mike_speiser,2021,5.0
mike_speiser,2022,2.5
mike_speiser,2023,3.1
mike_speiser,2024,3.0
mike_speiser,2025,2.7
milane_frantz,2007,6.8
milane_frantz,2008,1.4
milane_frantz,2009,3.6
milane_frantz,2010,2.4
milane_frantz,2011,2.1
milane_frantz,2012,8.3
milane_frantz,2013,7.0
milane_frantz,2014,9.0
milane_frantz,2016,7.1
milane_frantz,2017,4.8
milane_frantz,2018,13.8
milane_frantz,2019,18.6
milane_frantz,2020,25.4
milane_frantz,2021,17.0
milane_frantz,2022,12.6
milane_frantz,2023,14.6
milane_frantz,2024,12.9
milane_frantz,2025,13.8
min_kao,2017,30.3
min_kao,2018,31.5
min_kao,2019,95.6
min_kao,2020,78.0
min_kao,2021,21.9
min_kao,2022,32.8
min_kao,2023,35.9
min_kao,2024,29.8
min_kao,2025,25.9
miriam_adelson,2016,7.8
miriam_adelson,2017,7.3
miriam_adelson,2018,-1.5
miriam_adelson,2019,-1.1
miriam_adelson,2020,-5.6
miriam_adelson,2021,16.8
miriam_adelson,2022,14.4
miriam_adelson,2023,6.8
miriam_adelson,2024,24.4
miriam_adelson,2025,19.4
mitchell_jacobson,2016,15.7
mitchell_jacobson,2017,11.8
mitchell_jacobson,2018,10.9
mitchell_jacobson,2019,10.7
mitchell_rales,2016,5.7
mitchell_rales,2017,18.9
mitchell_rales,2018,17.9
mortimer_zuckerman,2007,16.9
mortimer_zuckerman,2008,41.5
mortimer_zuckerman,2009,40.7
mortimer_zuckerman,2010,42.2
mortimer_zuckerman,2011,39.4
mortimer_zuckerman,2012,43.4
mortimer_zuckerman,2013,39.8
mortimer_zuckerman,2014,34.5
mortimer_zuckerman,2015,36.5
mortimer_zuckerman,2016,32.4
mortimer_zuckerman,2017,34.9
nathan_blecharczyk,2019,8.9
nathan_blecharczyk,2020,53.3
nathan_blecharczyk,2021,25.3
nathan_blecharczyk,2022,30.4
nathan_blecharczyk,2023,25.7
nathan_blecharczyk,2024,22.9
nathan_blecharczyk,2025,20.8
neil_bluhm,2019,-209.6
neil_bluhm,2020,-44.8
neil_bluhm,2021,-10.6
neil_bluhm,2022,4.1
neil_bluhm,2023,12.6
neil_bluhm,2024,9.5
neil_bluhm,2025,7.7
nelson_peltz,2008,7.3
nelson_peltz,2010,4.9
nelson_peltz,2011,5.3
nelson_peltz,2012,2.1
nelson_peltz,2013,4.8
nelson_peltz,2014,4.0
nelson_peltz,2015,17.0
nelson_peltz,2016,18.3
nelson_peltz,2017,3.0
nelson_peltz,2018,4.9
nelson_peltz,2019,21.5
nelson_peltz,2020,17.4
nelson_peltz,2021,20.4
nelson_peltz,2022,20.1
nelson_peltz,2023,15.7
nelson_peltz,2024,15.3
nelson_peltz,2025,15.8
nicholas_howley,2019,-283.1
nicholas_howley,2020,38.3
nicholas_howley,2021,449.3
nicholas_howley,2022,-1.0
nicholas_howley,2023,-62.4
nicholas_howley,2024,-35.8
nicholas_howley,2025,-30.8
nicholas_woodman,2012,35.6
nicholas_woodman,2013,5.6
nicholas_woodman,2014,-26.8
nicholas_woodman,2015,-10.1
nicholas_woodman,2016,-7.9
nicholas_woodman,2017,-0.2
nicholas_woodman,2018,-3.2
nicholas_woodman,2019,9.5
nicholas_woodman,2020,4.4
nicholas_woodman,2021,-6.5
nicholas_woodman,2022,-12.3
nicholas_woodman,2023,-13.4
nicholas_woodman,2024,-16.8
nicholas_woodman,2025,-12.8
nick_caporella,2018,63.6
nick_caporella,2019,90.5
nick_caporella,2020,83.8
nick_caporella,2021,17.4
nick_caporella,2022,19.2
nick_caporella,2023,20.1
nick_caporella,2024,19.8
nick_caporella,2025,19.6
niraj_shah,2012,-24.6
niraj_shah,2013,-8.9
niraj_shah,2014,-14.9
niraj_shah,2015,-10.5
niraj_shah,2016,-7.0
niraj_shah,2017,-5.0
norma_lerner,2015,15.5
norma_lerner,2016,25.1
norma_lerner,2017,16.9
norman_asbjornson,2009,9.0
norman_asbjornson,2010,18.1
norman_asbjornson,2011,69.8
norman_asbjornson,2012,56.7
norman_asbjornson,2013,22.2
norman_asbjornson,2014,22.3
norman_asbjornson,2015,20.7
norman_asbjornson,2016,80.8
norman_asbjornson,2017,71.1
norman_braman,2010,54.0
norman_braman,2011,55.4
norman_braman,2012,58.0
norman_braman,2013,62.7
norman_braman,2014,63.1
norman_braman,2015,59.8
norman_braman,2016,53.7
norman_braman,2017,53.3
noubar_afeyan,2018,48.6
noubar_afeyan,2019,-1108.6
noubar_afeyan,2020,-101.5
noubar_afeyan,2021,-404.2
noubar_afeyan,2022,-449.3
noubar_afeyan,2023,-168.0
oprah_winfrey,2016,10.9
oprah_winfrey,2017,10.3
oprah_winfrey,2018,6.7
orlando_bravo,2023,65.3
orlando_bravo,2024,103.7
orlando_bravo,2025,37.4
palmer_luckey,2010,27.3
palmer_luckey,2011,75.6
palmer_luckey,2012,98.1
palmer_luckey,2013,79.1
palmer_luckey,2014,99.7
palmer_luckey,2015,112.7
palmer_luckey,2016,73.1
palmer_luckey,2017,49.7
pat_neal,2023,-81.1
pat_neal,2024,-170.0
pat_neal,2025,-51.0
pat_stryker,2016,22.4
pat_stryker,2017,21.8
pat_stryker,2018,16.3
pat_stryker,2019,17.4
pat_stryker,2020,19.8
pat_stryker,2021,22.7
pat_stryker,2022,20.0
pat_stryker,2023,23.9
pat_stryker,2024,76.0
pat_stryker,2025,68.2
patrick_hanrahan,2008,15.4
patrick_hanrahan,2009,-0.1
patrick_hanrahan,2010,-1.5
patrick_hanrahan,2011,-3.6
patrick_hanrahan,2012,-13.2
patrick_hanrahan,2013,-9.6
patrick_hanrahan,2014,1.5
patrick_hanrahan,2015,-1.4
patrick_hanrahan,2016,-1.1
patrick_hanrahan,2017,-1.0
patrick_ryan,2007,14.1
patrick_ryan,2008,5.6
patrick_ryan,2009,5.7
patrick_ryan,2010,5.4
patrick_ryan,2011,4.6
patrick_ryan,2012,5.5
patrick_ryan,2013,6.1
patrick_ryan,2014,4.7
patrick_ryan,2015,5.2
patrick_ryan,2016,5.3
patrick_ryan,2017,17.2
patrick_ryan,2018,18.0
patrizio_vinciarelli,2023,20.2
patrizio_vinciarelli,2024,22.8
patrizio_vinciarelli,2025,18.1
paul_sciarra,2025,-1346.9
peter_gassner,2012,31.6
peter_gassner,2013,37.6
peter_gassner,2014,18.1
peter_gassner,2015,30.4
peter_gassner,2016,24.4
peter_gassner,2017,35.6
peter_gassner,2018,26.9
peter_gassner,2019,21.5
peter_gassner,2020,19.4
peter_guber,2014,-1140.5
peter_guber,2015,-1624.6
peter_guber,2016,-1183.3
peter_guber,2023,-168.8
peter_guber,2024,-368.5
peter_guber,2025,-5127.1
pierre_omidyar,2009,27.2
pierre_omidyar,2010,31.5
pierre_omidyar,2011,28.9
pierre_omidyar,2012,25.0
pierre_omidyar,2013,21.9
pierre_omidyar,2014,19.6
raj_sardana,2016,-2.1
raj_sardana,2017,1.2
raj_sardana,2018,0.8
raj_sardana,2019,3.4
raj_sardana,2020,-6.6
raj_sardana,2021,-1.6
raj_sardana,2022,5.1
raj_sardana,2023,7.8
raj_sardana,2024,7.1
raj_sardana,2025,7.1
rakesh_gangwal,2007,2.7
rakesh_gangwal,2008,2.0
rakesh_gangwal,2009,1.4
rakesh_gangwal,2010,0.8
rakesh_gangwal,2011,0.6
rakesh_gangwal,2012,0.5
rakesh_gangwal,2013,5.8
rakesh_gangwal,2014,4.5
rakesh_gangwal,2015,3.9
rakesh_gangwal,2016,15.2
rakesh_gangwal,2017,15.6
rakesh_gangwal,2018,11.7
rakesh_gangwal,2019,-20.4
rakesh_gangwal,2020,-58.1
ralph_lauren,2017,8.4
ralph_lauren,2018,5.1
ralph_lauren,2019,-0.7
ralph_lauren,2020,13.0
ralph_lauren,2021,16.0
ralph_lauren,2022,12.2
ralph_lauren,2023,14.5
ralph_lauren,2024,14.1
ralph_lauren,2025,13.2
randa_williams,2007,6.8
randa_williams,2008,1.4
randa_williams,2009,3.6
randa_williams,2010,2.4
randa_williams,2011,2.1
randa_williams,2012,8.3
randa_williams,2013,7.0
randa_williams,2014,9.0
randa_williams,2016,7.1
randa_williams,2017,4.8
randa_williams,2018,13.8
randa_williams,2019,18.6
randa_williams,2020,25.4
randa_williams,2021,17.0
randa_williams,2022,12.6
randa_williams,2023,14.6
randa_williams,2024,12.9
randa_williams,2025,13.8
randal_j_kirk,2016,24.9
randal_j_kirk,2017,46.0
randal_j_kirk,2018,34.7
randal_j_kirk,2019,53.9
randal_j_kirk,2020,39.6
randal_j_kirk,2021,22.7
randal_j_kirk,2022,15.7
randal_j_kirk,2023,27.8
randal_j_kirk,2024,26.8
randal_j_kirk,2025,90.7
ray_davis,2008,11.2
ray_davis,2009,6.3
ray_davis,2010,6.9
ray_davis,2011,-1.9
ray_davis,2012,1.0
ray_davis,2013,0.5
ray_davis,2014,-1.3
ray_davis,2015,46.7
ray_davis,2016,39.4
ray_davis,2017,4.2
ray_davis,2018,2.5
ray_davis,2019,16.2
ray_davis,2020,19.9
ray_davis,2021,12.3
ray_davis,2022,10.2
ray_davis,2023,11.5
ray_davis,2024,10.9
ray_davis,2025,10.6
reed_hastings,2007,15.9
reed_hastings,2008,20.8
reed_hastings,2009,3.7
reed_hastings,2010,10.4
reed_hastings,2011,7.1
reed_hastings,2012,11.2
reed_hastings,2013,7.0
reed_hastings,2014,6.9
reed_hastings,2015,12.4
reed_hastings,2016,33.9
reed_hastings,2017,25.5
reed_hastings,2018,29.0
reed_hastings,2019,30.7
reed_hastings,2020,22.5
reed_hastings,2021,23.4
reed_hastings,2022,33.0
reed_hastings,2023,39.5
reed_hastings,2024,34.2
reed_hastings,2025,29.5
reid_hoffman,2019,-3727.7
reid_hoffman,2021,-2258.5
reid_hoffman,2022,-2723.5
ric_elias,2017,35.5
ric_elias,2018,14.0
ric_elias,2019,14.4
ric_elias,2020,4.9
ric_elias,2021,-0.5
ric_elias,2022,3.4
ric_elias,2023,7.1
ric_elias,2024,7.5
ric_elias,2025,7.4
ric_elias,2026,7.3
richard_hayne,2017,10.8
richard_hayne,2018,6.4
richard_hayne,2019,0.1
richard_hayne,2020,10.3
richard_hayne,2021,11.8
richard_hayne,2022,9.0
richard_hayne,2023,9.9
richard_hayne,2024,9.2
richard_hayne,2025,8.5
richard_kinder,2009,21.4
richard_kinder,2010,33.0
richard_kinder,2011,50.2
richard_kinder,2012,44.6
richard_kinder,2013,17.4
richard_kinder,2014,22.0
richard_kinder,2015,24.6
richard_kinder,2016,29.1
richard_kinder,2017,35.6
richard_kinder,2018,11.0
richard_kinder,2019,22.1
richard_kinder,2020,34.7
richard_kinder,2021,25.7
richard_kinder,2022,22.8
richard_kinder,2023,30.8
richard_kinder,2024,31.3
richard_kinder,2025,27.9
richard_kurtz,2019,2.5
richard_kurtz,2020,2.4
richard_kurtz,2021,-6.5
richard_kurtz,2022,-4.1
richard_kurtz,2023,-3.8
richard_kurtz,2024,-3.9
richard_kurtz,2025,-136.6
richard_sands,2017,133.9
richard_sands,2018,109.2
richard_sands,2019,107.8
richard_sands,2020,27.9
richard_sands,2021,33.0
richard_sands,2022,35.9
richard_sands,2023,3.8
richard_sands,2024,16.6
richard_sands,2025,16.4
richard_schulze,2011,188.4
richard_schulze,2012,248.1
richard_schulze,2017,2.5
richard_schulze,2018,2.3
richard_schulze,2019,5.6
richard_schulze,2020,7.0
richard_schulze,2021,3.8
richard_schulze,2022,3.0
richard_schulze,2023,2.7
richard_schulze,2024,2.9
richard_schulze,2025,3.0
rick_caruso,2014,56.2
rick_caruso,2015,100.4
rick_caruso,2016,98.8
rick_caruso,2017,98.5
rick_cohen,2020,-152.4
rick_cohen,2021,-88.6
rick_cohen,2022,5.3
rick_cohen,2023,3.0
rick_cohen,2024,-6.4
rick_cohen,2025,-5.1
rick_smith,2016,9.3
rick_smith,2017,-1.9
rick_smith,2018,-3.4
rick_smith,2019,-31.7
rick_smith,2020,13.7
rick_smith,2021,10.8
rick_smith,2022,7.8
rick_smith,2023,-4.0
rick_smith,2024,-3.0
rick_smith,2025,-2.2
rob_walton,2008,6.4
rob_walton,2009,6.3
rob_walton,2010,6.5
rob_walton,2011,25.2
rob_walton,2012,23.6
rob_walton,2013,23.5
rob_walton,2014,20.3
rob_walton,2015,19.4
rob_walton,2016,17.3
rob_walton,2017,17.8
rob_walton,2018,16.5
rob_walton,2019,16.1
rob_walton,2020,5.0
rob_walton,2021,3.7
rob_walton,2022,4.7
rob_walton,2023,4.8
rob_walton,2024,4.6
rob_walton,2025,4.4
rob_walton,2026,4.2
robert_bass,2007,18.1
robert_bass,2008,1.7
robert_bass,2009,-7.3
robert_bass,2010,-4.8
robert_bass,2011,9.7
robert_bass,2012,-4.4
robert_bass,2013,5.9
robert_bass,2014,3.2
robert_bass,2015,0.2
robert_bass,2016,3.8
robert_bass,2017,3.3
robert_bass,2018,11.1
robert_bass,2019,11.4
robert_bass,2020,-14.7
robert_bass,2021,3.9
robert_bass,2022,15.8
robert_bass,2023,19.7
robert_bass,2024,19.8
robert_bass,2025,19.2
robert_duggan,2019,-7159.2
robert_duggan,2021,-3985.0
robert_fisher,2017,35.5
robert_fisher,2018,14.0
robert_fisher,2019,14.4
robert_fisher,2020,4.9
robert_fisher,2021,-0.5
robert_fisher,2022,3.4
robert_fisher,2023,7.1
robert_fisher,2024,7.5
robert_fisher,2025,7.4
robert_fisher,2026,7.3
robert_muglia,2019,-562.7
robert_muglia,2020,-270.1
robert_muglia,2021,-142.3
robert_muglia,2022,-89.8
robert_muglia,2023,-70.5
robert_muglia,2024,-51.9
robert_muglia,2025,-40.2
robert_pera,2012,62.6
robert_pera,2013,65.5
robert_pera,2014,38.6
robert_pera,2016,41.3
robert_pera,2017,40.2
robert_pera,2018,38.4
robert_pera,2019,38.3
robert_pera,2020,36.0
robert_pera,2021,28.7
robert_pera,2022,29.5
robert_pera,2023,43.1
robert_pera,2024,43.4
robert_pera,2025,32.5
robert_rowling,2019,-209.6
robert_rowling,2020,-44.8
robert_rowling,2021,-10.6
robert_rowling,2022,4.1
robert_rowling,2023,12.6
robert_rowling,2024,9.5
robert_rowling,2025,7.7
robert_sands,2017,133.9
robert_sands,2018,109.2
robert_sands,2019,107.8
robert_sands,2020,27.9
robert_sands,2021,33.0
robert_sands,2022,35.9
robert_sands,2023,3.8
robert_sands,2024,16.6
robert_sands,2025,16.4
robyn_jones,2017,12.6
robyn_jones,2018,135.5
robyn_jones,2019,11.2
robyn_jones,2020,8.7
robyn_jones,2021,21.8
robyn_jones,2022,29.2
robyn_jones,2023,28.5
robyn_jones,2024,23.7
robyn_jones,2025,20.4
rodger_riney,2009,17.7
rodger_riney,2010,16.1
rodger_riney,2011,14.8
rodger_riney,2012,-2.4
rodger_riney,2013,-2.2
rodger_riney,2016,4.5
rodger_riney,2017,17.8
rodger_riney,2018,8.4
rodger_riney,2019,7.9
rodger_riney,2020,19.6
rodger_riney,2021,20.2
rodger_riney,2022,16.8
rodger_riney,2023,8.2
rodger_riney,2024,8.1
rodger_riney,2025,7.9
rodney_sacks,2016,42.1
rodney_sacks,2017,41.6
rodney_sacks,2018,42.9
rodney_sacks,2019,42.8
rodney_sacks,2020,34.5
rodney_sacks,2021,35.3
rodney_sacks,2022,30.6
rodney_sacks,2023,27.0
rodney_sacks,2024,25.8
rodney_sacks,2025,29.2
roger_penske,2018,12.0
roger_penske,2019,11.1
ron_corio,2018,32.7
ron_corio,2019,-3.8
ron_corio,2020,-2.1
ron_corio,2021,25.1
ron_corio,2022,-13.9
ron_corio,2023,-1.8
ron_corio,2024,-3.2
ron_corio,2025,-2.3
ron_shaich,2017,5.7
ron_shaich,2018,6.0
ron_shaich,2019,-1.4
ron_shaich,2020,-2.1
ron_shaich,2021,-1.5
ron_shaich,2023,1.1
ron_shaich,2024,3.4
ron_shaich,2025,3.3
ronald_clarke,2016,15.5
ronald_clarke,2017,14.3
ronald_clarke,2018,12.1
ronald_clarke,2019,12.8
ronald_clarke,2020,60.6
ronald_clarke,2021,58.5
ronald_clarke,2022,52.1
ronald_clarke,2023,47.6
ronald_clarke,2024,45.0
ronald_clarke,2025,44.0
ronald_lauder,2017,5.8
ronald_lauder,2018,5.4
ronald_lauder,2019,-11.7
ronald_lauder,2020,22.2
ronald_lauder,2021,9.3
ronald_lauder,2022,5.5
ronald_lauder,2023,-4.9
ronald_lauder,2024,-5.0
ronald_lauder,2025,-5.5
ronald_perelman,2017,-392.4
ronald_perelman,2018,-221.2
ronald_perelman,2019,-81.4
ronda_stryker,2016,22.4
ronda_stryker,2017,21.8
ronda_stryker,2018,16.3
ronda_stryker,2019,17.4
ronda_stryker,2020,19.8
ronda_stryker,2021,22.7
ronda_stryker,2022,20.0
ronda_stryker,2023,23.9
ronda_stryker,2024,76.0
ronda_stryker,2025,68.2
ross_perot_jr,2017,-80.0
ross_perot_jr,2018,-55.4
ross_perot_jr,2019,-44.5
ross_perot_jr,2020,-46.7
ross_perot_jr,2021,-28.3
ross_perot_jr,2022,-15.9
ross_perot_jr,2023,-16.0
ross_perot_jr,2024,-12.4
ross_perot_jr,2025,-9.6
rupert_johnson_jr,2007,19.4
rupert_johnson_jr,2008,32.5
rupert_johnson_jr,2009,46.7
rupert_johnson_jr,2010,33.5
rupert_johnson_jr,2011,40.9
rupert_johnson_jr,2012,45.4
rupert_johnson_jr,2013,37.9
rupert_johnson_jr,2014,27.9
rupert_johnson_jr,2015,28.5
rupert_johnson_jr,2016,32.0
rupert_johnson_jr,2017,24.4
rupert_johnson_jr,2018,24.6
rupert_johnson_jr,2019,27.0
ryan_smith,2012,6.2
ryan_smith,2013,5.8
ryan_smith,2014,8.4
ryan_smith,2015,8.7
ryan_smith,2016,22.1
ryan_smith,2017,38.1
ryan_smith,2018,28.9
s_curtis_johnson,2016,15.6
s_curtis_johnson,2017,13.0
s_curtis_johnson,2018,16.7
s_curtis_johnson,2019,18.8
s_curtis_johnson,2020,19.3
s_curtis_johnson,2021,13.6
s_curtis_johnson,2022,13.0
s_curtis_johnson,2023,13.4
s_curtis_johnson,2024,13.6
s_curtis_johnson,2025,13.5
safra_catz,2008,40.4
safra_catz,2009,51.8
safra_catz,2010,51.1
safra_catz,2011,41.2
safra_catz,2012,39.8
safra_catz,2013,37.3
safra_catz,2014,32.9
safra_catz,2015,33.2
safra_catz,2016,36.9
safra_catz,2017,35.8
safra_catz,2018,35.3
safra_catz,2019,38.5
safra_catz,2020,28.0
safra_catz,2021,27.0
safra_catz,2022,25.7
safra_catz,2023,35.4
safra_catz,2024,33.4
safra_catz,2025,30.8
sanjit_biswas,2021,-103.8
sanjit_biswas,2022,-75.5
sanjit_biswas,2023,-29.1
sanjit_biswas,2024,-20.3
sanjit_biswas,2025,-15.2
sanjit_biswas,2026,-3.2
sarah_humphreys_atkins,2008,15.4
sarah_humphreys_atkins,2009,-0.1
sarah_humphreys_atkins,2010,-1.5
sarah_humphreys_atkins,2011,-3.6
sarah_humphreys_atkins,2012,-13.2
sarah_humphreys_atkins,2013,-9.6
sarah_humphreys_atkins,2014,1.5
sarah_humphreys_atkins,2015,-1.4
sarah_humphreys_atkins,2016,-1.1
sarah_humphreys_atkins,2017,-1.0
scot_french,2022,68.5
scot_french,2023,68.8
scot_french,2024,59.2
scott_cook,2016,-10.4
scott_cook,2017,-16.8
scott_cook,2018,47.5
scott_cook,2019,41.5
scott_cook,2020,33.5
scott_cook,2021,32.6
scott_cook,2022,28.5
scott_cook,2023,34.3
scott_cook,2024,30.2
scott_cook,2025,26.1
scott_duncan,2007,6.8
scott_duncan,2008,1.4
scott_duncan,2009,3.6
scott_duncan,2010,2.4
scott_duncan,2011,2.1
scott_duncan,2012,8.3
scott_duncan,2013,7.0
scott_duncan,2014,9.0
scott_duncan,2016,7.1
scott_duncan,2017,4.8
scott_duncan,2018,13.8
scott_duncan,2019,18.6
scott_duncan,2020,25.4
scott_duncan,2021,17.0
scott_duncan,2022,12.6
scott_duncan,2023,14.6
scott_duncan,2024,12.9
scott_duncan,2025,13.8
scott_kapnick,2022,68.5
scott_kapnick,2023,68.8
scott_kapnick,2024,59.2
sean_parker,2010,27.3
sean_parker,2011,75.6
sean_parker,2012,98.1
sean_parker,2013,79.1
sean_parker,2014,99.7
sean_parker,2015,112.7
sean_parker,2016,73.1
sean_parker,2017,49.7
sergey_brin,2013,34.9
sergey_brin,2014,35.9
sergey_brin,2015,34.9
sergey_brin,2016,29.0
sergey_brin,2017,23.6
sergey_brin,2018,30.1
sergey_brin,2019,48.6
sergey_brin,2020,43.1
sergey_brin,2021,30.6
sergey_brin,2023,42.0
sergey_brin,2024,36.9
sergey_brin,2025,32.0
seth_boro,2019,-23.8
seth_boro,2020,-0.9
seth_boro,2021,2.6
seth_boro,2022,2.1
seth_boro,2023,1.9
seth_boro,2024,1.6
seth_boro,2025,1.4
sharron_hunt,2016,12.5
sharron_hunt,2017,34.1
sharron_hunt,2018,30.3
sheryl_sandberg,2010,27.3
sheryl_sandberg,2011,75.6
sheryl_sandberg,2012,98.1
sheryl_sandberg,2013,79.1
sheryl_sandberg,2014,99.7
sheryl_sandberg,2015,112.7
sheryl_sandberg,2016,73.1
sheryl_sandberg,2017,49.7
stanley_hubbard,2007,18.1
stanley_hubbard,2008,1.7
stanley_hubbard,2009,-7.3
stanley_hubbard,2010,-4.8
stanley_hubbard,2011,9.7
stanley_hubbard,2012,-4.4
stanley_hubbard,2013,5.9
stanley_hubbard,2014,3.2
stanley_hubbard,2015,0.2
stanley_hubbard,2016,3.8
stanley_hubbard,2017,3.3
stanley_hubbard,2018,11.1
stanley_hubbard,2019,11.4
stanley_hubbard,2020,-14.7
stanley_hubbard,2021,3.9
stanley_hubbard,2022,15.8
stanley_hubbard,2023,19.7
stanley_hubbard,2024,19.8
stanley_hubbard,2025,19.2
stanley_tang,2018,-149.8
stanley_tang,2019,-51.1
stanley_tang,2020,-38.9
stanley_tang,2021,-11.8
stanley_tang,2022,-0.6
stanley_tang,2023,8.4
stanley_tang,2024,6.7
stanley_tang,2025,5.3
stephen_ketchum,2014,9.1
stephen_ketchum,2015,9.7
stephen_ketchum,2016,39.0
stephen_ketchum,2017,46.0
stephen_ketchum,2018,44.6
stephen_ketchum,2019,37.1
stephen_ketchum,2020,39.1
stephen_ross,2017,1.2
stephen_ross,2018,-5.3
stephen_ross,2019,0.6
stephen_ross,2020,-0.6
stephen_ross,2021,-0.9
stephen_ross,2022,3.7
stephen_ross,2023,3.1
steve_ballmer,2007,147.2
steve_ballmer,2008,144.9
steve_ballmer,2009,126.7
steve_ballmer,2010,150.2
steve_case,2007,18.1
steve_case,2008,1.7
steve_case,2009,-7.3
steve_case,2010,-4.8
steve_case,2011,9.7
steve_case,2012,-4.4
steve_case,2013,5.9
steve_case,2014,3.2
steve_case,2015,0.2
steve_case,2016,3.8
steve_case,2017,3.3
steve_case,2018,11.1
steve_case,2019,11.4
steve_case,2020,-14.7
steve_case,2021,3.9
steve_case,2022,15.8
steve_case,2023,19.7
steve_case,2024,19.8
steve_case,2025,19.2
steve_ells,2016,1.0
steve_ells,2017,2.2
steve_ells,2018,2.4
steve_ells,2019,14.4
steve_ells,2020,19.4
steve_ells,2021,20.6
steve_ells,2022,18.0
steve_ells,2023,15.8
steve_ells,2024,17.1
steve_ells,2025,16.2
steve_wynn,2008,7.7
steve_wynn,2009,28.5
steve_wynn,2010,18.6
steve_wynn,2016,16.9
steve_wynn,2017,12.1
steve_wynn,2018,10.9
steven_conine,2015,15.5
steven_conine,2016,25.1
steven_conine,2017,16.9
steven_rales,2016,5.7
steven_rales,2017,18.9
steven_rales,2018,17.9
steven_sarowitz,2023,-81.1
steven_sarowitz,2024,-170.0
steven_sarowitz,2025,-51.0
stuart_miller,2009,6.2
stuart_miller,2010,11.4
stuart_miller,2011,26.7
stuart_miller,2012,27.9
stuart_miller,2013,24.0
stuart_miller,2014,20.1
stuart_miller,2015,15.6
stuart_miller,2016,22.5
stuart_miller,2017,21.9
stuart_miller,2018,16.9
stuart_miller,2019,12.5
stuart_miller,2020,15.5
sundar_pichai,2013,34.9
sundar_pichai,2014,35.9
sundar_pichai,2015,34.9
sundar_pichai,2016,29.0
sundar_pichai,2017,23.6
sundar_pichai,2018,30.1
sundar_pichai,2019,48.6
sundar_pichai,2020,43.1
sundar_pichai,2021,30.6
sundar_pichai,2023,42.0
sundar_pichai,2024,36.9
sundar_pichai,2025,32.0
susan_ocampo,2010,21.7
susan_ocampo,2011,18.2
susan_ocampo,2012,18.7
susan_ocampo,2017,-290.5
susan_ocampo,2018,2.2
susan_ocampo,2019,16.2
susan_ocampo,2020,25.0
susan_ocampo,2021,17.7
susan_ocampo,2022,10.9
susan_ocampo,2023,20.0
susan_ocampo,2024,17.8
susan_ocampo,2025,13.4
tamara_gustavson,2010,54.0
tamara_gustavson,2011,55.4
tamara_gustavson,2012,58.0
tamara_gustavson,2013,62.7
tamara_gustavson,2014,63.1
tamara_gustavson,2015,59.8
tamara_gustavson,2016,53.7
tamara_gustavson,2017,53.3
tench_coxe,2011,12.8
tench_coxe,2012,15.4
tench_coxe,2013,9.6
tench_coxe,2014,7.1
tench_coxe,2015,10.1
tench_coxe,2016,44.8
tench_coxe,2017,30.5
tench_coxe,2018,43.2
tench_coxe,2019,67.6
tench_coxe,2020,38.3
tench_coxe,2021,24.7
tench_coxe,2022,36.9
tench_coxe,2023,41.0
tench_coxe,2024,35.9
tench_coxe,2025,33.4
theodore_leonsis,2008,12.6
theodore_leonsis,2009,11.6
theresia_gouw,2010,27.3
theresia_gouw,2011,75.6
theresia_gouw,2012,98.1
theresia_gouw,2013,79.1
theresia_gouw,2014,99.7
theresia_gouw,2015,112.7
theresia_gouw,2016,73.1
theresia_gouw,2017,49.7
thierry_cruanes,2019,-562.7
thierry_cruanes,2020,-270.1
thierry_cruanes,2021,-142.3
thierry_cruanes,2022,-89.8
thierry_cruanes,2023,-70.5
thierry_cruanes,2024,-51.9
thierry_cruanes,2025,-40.2
thomas_b_hagen,2013,17.9
thomas_b_hagen,2014,20.8
thomas_b_hagen,2015,19.2
thomas_b_hagen,2016,76.0
thomas_b_hagen,2017,71.8
thomas_lee,2017,22.4
thomas_lee,2018,4.0
thomas_lee,2019,2.9
thomas_lee,2020,18.5
thomas_lee,2021,19.1
thomas_lee,2022,18.9
thomas_lee,2023,19.7
thomas_lee,2024,19.2
thomas_lee,2025,18.6
thomas_siebel,2019,-65.8
thomas_siebel,2020,-125.2
thomas_siebel,2021,-158.6
thomas_siebel,2022,-125.9
thomas_siebel,2023,-121.6
thomas_siebel,2024,-104.5
thomas_siebel,2025,-83.4
thomas_tull,2017,-2.8
thomas_tull,2018,-27.9
thomas_tull,2019,-58.7
thomas_tull,2020,-84.3
thomas_tull,2021,-73.6
thomas_tull,2022,-37.3
thomas_tull,2023,-45.5
thomas_tull,2024,-47.8
tilman_fertitta,2022,-27.2
tilman_fertitta,2023,-0.4
tilman_fertitta,2024,-0.3
tilman_fertitta,2025,-0.3
tim_cook,2016,90.5
tim_cook,2017,80.3
tim_cook,2018,112.7
timothy_boyle,2016,14.8
timothy_boyle,2017,16.0
timothy_boyle,2018,14.1
timothy_boyle,2019,14.4
timothy_boyle,2020,15.0
timothy_springer,2014,-1140.5
timothy_springer,2015,-1624.6
timothy_springer,2016,-1183.3
timothy_springer,2023,-168.8
timothy_springer,2024,-368.5
timothy_springer,2025,-5127.1
todd_boehly,2018,3.0
todd_boehly,2019,47.6
todd_boehly,2020,51.6
todd_boehly,2021,38.8
todd_boehly,2022,40.7
todd_boehly,2023,16.7
todd_boehly,2024,15.2
todd_boehly,2025,15.4
todd_boehly,2026,15.4
todd_christopher,2016,2.3
todd_christopher,2017,3.3
todd_christopher,2018,10.2
todd_christopher,2019,12.8
todd_christopher,2020,15.0
todd_christopher,2021,14.3
todd_christopher,2022,21.8
todd_christopher,2023,26.5
todd_christopher,2024,24.7
todd_christopher,2025,22.8
tom_ford,2010,-174.6
tom_ford,2011,-90.3
tom_ford,2012,-62.3
tom_ford,2013,-39.2
tom_ford,2014,-61.9
tom_ford,2015,-10.1
tom_ford,2016,-7.3
tom_ford,2017,-5.2
tom_golisano,2008,35.1
tom_golisano,2009,36.8
tom_golisano,2010,38.3
tom_golisano,2011,35.9
tom_golisano,2012,40.1
tom_golisano,2013,40.8
tom_golisano,2014,40.9
tom_golisano,2015,41.4
tom_golisano,2016,41.2
tom_golisano,2017,39.2
tom_golisano,2018,34.9
tom_golisano,2019,30.2
tom_golisano,2020,45.5
tom_golisano,2021,50.1
tom_golisano,2022,47.1
tom_golisano,2023,44.1
tom_golisano,2024,41.8
tom_golisano,2025,39.6
tom_werner,2023,3.4
tom_werner,2024,3.4
tom_werner,2025,3.4
tony_xu,2018,-149.8
tony_xu,2019,-51.1
tony_xu,2020,-38.9
tony_xu,2021,-11.8
tony_xu,2022,-0.6
tony_xu,2023,8.4
tony_xu,2024,6.7
tony_xu,2025,5.3
travis_boersma,2019,-47.5
travis_boersma,2020,-0.8
travis_boersma,2021,9.3
travis_boersma,2022,14.4
travis_boersma,2023,16.7
travis_boersma,2024,12.6
travis_boersma,2025,9.8
travis_kalanick,2017,-108.4
travis_kalanick,2018,-46.6
travis_kalanick,2019,-29.5
travis_kalanick,2020,-16.4
travis_kalanick,2021,6.4
travis_kalanick,2022,8.8
travis_kalanick,2023,14.9
travis_kalanick,2024,12.7
travis_kalanick,2025,10.7
trevor_rees_jones,2007,-114.7
trevor_rees_jones,2008,24.1
trevor_rees_jones,2009,37.9
trevor_rees_jones,2010,147.9
trevor_rees_jones,2011,107.1
trevor_rees_jones,2012,28.2
trevor_rees_jones,2013,-99.2
trevor_rees_jones,2014,-19.1
trevor_rees_jones,2015,8.9
trevor_rees_jones,2016,11.2
trevor_rees_jones,2017,-0.3
trevor_rees_jones,2018,1.8
trevor_rees_jones,2019,11.0
trevor_rees_jones,2020,72.1
trevor_rees_jones,2021,56.6
trevor_rees_jones,2022,-6.8
trevor_rees_jones,2023,28.3
trevor_rees_jones,2024,58.3
trevor_rees_jones,2025,20.4
ty_warner,2016,90.5
ty_warner,2017,80.3
ty_warner,2018,112.7
vasily_shikin,2019,15.1
vasily_shikin,2020,-3.3
vasily_shikin,2021,23.2
vasily_shikin,2022,66.5
vasily_shikin,2023,225.4
vasily_shikin,2024,128.8
vasily_shikin,2025,75.8
vincent_mcmahon,2021,43.3
vincent_mcmahon,2022,39.2
vincent_mcmahon,2023,26.7
vincent_mcmahon,2024,6.2
vincent_mcmahon,2025,5.5
vinod_khosla,2019,-143.4
vinod_khosla,2020,-74.4
vinod_khosla,2021,-138.0
vinod_khosla,2022,-45.6
vinod_khosla,2023,-5.5
vinod_khosla,2024,-3.8
vinod_khosla,2025,-2.7
vivek_ramaswamy,2021,-5680.4
vivek_ramaswamy,2022,-2444.8
vivek_ramaswamy,2023,-3182.0
vivek_ramaswamy,2024,-3067.0
vivek_ramaswamy,2025,-3453.3
walter_kortschak,2023,3.4
walter_kortschak,2024,3.4
walter_kortschak,2025,3.4
wayne_rothbaum,2024,-240.9
wayne_rothbaum,2025,-153.1
wayne_weaver,2017,0.1
wayne_weaver,2018,0.5
wayne_weaver,2019,2.1
wayne_weaver,2020,2.1
wayne_weaver,2021,2.2
wayne_weaver,2022,7.0
wayne_weaver,2023,7.2
wayne_weaver,2024,7.8
wayne_weaver,2025,7.6
weili_dai,2020,-12.9
weili_dai,2021,8.0
weili_dai,2022,-12.7
weili_dai,2023,-12.2
weili_dai,2024,24.0
weili_dai,2025,22.9
weili_dai,2026,16.1
william_boyd,2016,4.3
william_boyd,2017,15.9
william_boyd,2018,12.0
william_fisher,2017,35.5
william_fisher,2018,14.0
william_fisher,2019,14.4
william_fisher,2020,4.9
william_fisher,2021,-0.5
william_fisher,2022,3.4
william_fisher,2023,7.1
william_fisher,2024,7.5
william_fisher,2025,7.4
william_fisher,2026,7.3
william_foley,2019,2.5
william_foley,2020,2.4
william_foley,2021,-6.5
william_foley,2022,-4.1
william_foley,2023,-3.8
william_foley,2024,-3.9
william_foley,2025,-136.6
william_franke,2017,133.9
william_franke,2018,109.2
william_franke,2019,107.8
william_franke,2020,27.9
william_franke,2021,33.0
william_franke,2022,35.9
william_franke,2023,3.8
william_franke,2024,16.6
william_franke,2025,16.4
william_goldring,2008,24.1
william_goldring,2009,25.3
william_goldring,2010,21.8
william_goldring,2016,6.2
william_goldring,2017,4.4
william_goldring,2018,6.4
william_goldring,2019,21.8
william_goldring,2020,12.1
william_goldring,2021,13.6
william_goldring,2022,25.9
william_goldring,2023,25.8
william_goldring,2024,23.1
william_goldring,2025,21.5
william_hockey,2015,14.8
william_hockey,2016,14.3
william_hockey,2017,14.0
william_lauder,2017,5.8
william_lauder,2018,5.4
william_lauder,2019,-11.7
william_lauder,2020,22.2
william_lauder,2021,9.3
william_lauder,2022,5.5
william_lauder,2023,-4.9
william_lauder,2024,-5.0
william_lauder,2025,-5.5
william_stone,2014,12.4
william_stone,2015,11.3
william_stone,2016,28.3
william_stone,2017,25.8
william_young,2023,-255.6
william_young,2024,-172.3
william_young,2025,-122.2
willis_j_johnson,2014,9.1
willis_j_johnson,2015,9.7
willis_j_johnson,2016,39.0
willis_j_johnson,2017,46.0
willis_j_johnson,2018,44.6
willis_j_johnson,2019,37.1
willis_j_johnson,2020,39.1
winnie_johnson_marquart,2021,-14.7
winnie_johnson_marquart,2022,-24.0
winnie_johnson_marquart,2023,-5.9
winnie_johnson_marquart,2024,-7.6
winnie_johnson_marquart,2025,-6.0
zachary_stern,2017,133.9
zachary_stern,2018,109.2
zachary_stern,2019,107.8
zachary_stern,2020,27.9
zachary_stern,2021,33.0
zachary_stern,2022,35.9
zachary_stern,2023,3.8
zachary_stern,2024,16.6
zachary_stern,2025,16.4
