person,education_order,school,degree
abigail_johnson,1,Harvard Business School,Master of Business Administration
abigail_johnson,2,Hobart and William Smith,Bachelor of Arts/Science
adam_foroughi,1,"University of California, Berkeley",Bachelor of Arts/Science
adam_forste,1,Dartmouth College,Bachelor of Arts/Science
adebayo_ogunlesi,1,Harvard Business School,Master of Business Administration
adebayo_ogunlesi,2,Harvard Law School,JD
adebayo_ogunlesi,3,Oxford Univeristy,Bachelor of Arts
aerin_lauder,1,University of Pennsylvania,Bachelor of Arts/Science
alan_b_miller,1,College of William & Mary,Bachelor of Arts/Economics
alan_b_miller,2,The Wharton School of the University of Pennsylvania,Master of Business Administration
alan_gerry,1,High School,Drop Out
alan_trefler,1,Dartmouth College,Bachelor of Arts/Science
alec_gores,1,Western Michigan University,Bachelor of Arts/Science
alejandro_santo_domingo,1,Harvard University,Bachelor of Arts/Science
alexander_karp,1,Haverford College,Bachelor of Arts/Science
alexander_karp,2,Stanford University,Doctor of Jurisprudence
alexandr_wang,1,Massachusetts Institute of Technology,Drop Out
alexis_le_quoc,1,Ecole Centrale Paris,Bachelor of Arts/Science
alfred_west_jr,1,Georgia Institute of Technology,Bachelor of Arts/Science
alfred_west_jr,2,"University of Pennsylvania, The Wharton School",Master of Business Administration
alice_walton,1,Trinity University,Bachelor of Arts/Science
amos_hostetter,1,Amherst College,Bachelor of Arts/Science
amos_hostetter,2,Harvard University,Master of Business Administration
amy_adams_strunk,1,The University of Texas at Austin,Bachelor of Arts
amy_wyss,1,Skidmore College,Bachelor of Arts/Science
andreas_santo_domingo,1,Brown University,Bachelor of Arts/Science
andrew_beal,1,Baylor University,Drop Out
andrew_bialecki,1,Harvard University,Bachelor of Arts
andrew_karam,1,Tufts University,Bachelor of Arts/Economics
andrew_karam,2,Tufts University,Bachelor of Engineering
andrew_tisch,1,Cornell University,Bachelor of Arts/Science
andrew_tisch,2,Harvard Business School,Master of Business Administration
andy_fang,1,Stanford University,Bachelor of Arts/Science
aneel_bhusri,1,Brown University,Bachelor of Arts/Science
aneel_bhusri,2,Stanford Graduate School of Business,Master of Business Administration
anita_zucker,1,University of Florida,Bachelor of Arts/Science
anita_zucker,2,University of North Florida,Master of Arts
ankur_jain,1,The Wharton School at the University of Pennsylvania,Bachelor of Science
ann_walton_kroenke,1,Lincoln University,Registered Nurse
anthony_pritzker,1,Dartmouth College,Bachelor of Arts/Science
anthony_wood,1,Texas A&M University,Bachelor of Science in Engineering
antonio_gracias,1,Georgetown School of Foreign Service,Master
antonio_gracias,2,University of Chicago Law School,JD
antony_ressler,1,Columbia Business School,Master of Business Administration
antony_ressler,2,Georgetown University,Bachelor of Arts/Science
archie_aldis_emerson,1,High School,Diploma
art_levinson,1,Princeton University,Doctorate
art_levinson,2,University of Washington,Bachelor of Science
arthur_blank,1,Babson College,Bachelor of Arts/Science
arthur_dantchik,1,SUNY Binghamton,Bachelor of Science
arthur_levine,1,Columbia Law School,JD
arthur_levine,2,UCLA,Bachelor of Arts/Science
arthur_levine,3,UCLA Anderson School of Management,Master of Business Administration
arturo_moreno,1,University of Arizona,Bachelor of Arts/Science
august_troendle,1,University of Maryland,Medical Doctor
austen_cargill_ii,1,Oregon State University,Doctorate
austen_cargill_ii,2,University of Minnesota,Bachelor of Arts/Science
austen_cargill_ii,3,University of Minnesota,Master of Science
b_wayne_hughes_jr,1,University of Southern California,Bachelor of Arts/Science
baiju_bhatt,1,Stanford University,Bachelor of Science
barbara_banke,1,UC Hastings,JD
barbara_banke,2,"University of California, Los Angeles",Bachelor of Arts/Science
barry_diller,1,"University of California, Los Angeles",Drop Out
barry_sternlicht,1,Brown University,Bachelor of Arts/Science
barry_sternlicht,2,Harvard Business School,Master of Business Administration
behdad_eghbali,1,"University of California, Berkeley",Bachelor of Business Administration
ben_ashkenazy,1,Adelphi University,Drop Out
ben_chestnut,1,Georgia Institute of Technology,Bachelor of Arts/Science
ben_silbermann,1,Yale University,Bachelor of Arts/Science
bennet_rosenthal,1,University of Pennsylvania,Bachelor of Science
bennet_rosenthal,2,"University of Pennsylvania, Wharton School of Business",Master of Business Administration
bennett_dorrance,1,University of Arizona,Bachelor of Arts/Science
benoit_dageville,1,Université de Paris VI,Bachelor of Science
benoit_dageville,2,Université de Paris VI,Master of Science
benoit_dageville,3,Université de Paris VI,Ph.D
bernard_saul_ii,1,University of Virginia,LLB
bernard_saul_ii,2,Villanova University,Bachelor of Arts/Science
bert_beveridge,1,University of Texas at Austin,Bachelor of Arts/Science
bharat_desai,1,"Indian Institute of Technology, Bombay",Bachelor of Arts/Science
bharat_desai,2,"University of Michigan, Stephen M. Ross School of Business",Master of Business Administration
bill_cummings,1,Tufts University,Bachelor of Arts/Economics
bill_gates,1,Harvard University,Drop Out
bill_gross,1,Anderson School of Management,Master of Business Administration
bill_gross,2,Duke University,Bachelor of Arts/Science
bill_haslam,1,Emory University,Bachelor of Arts/Science
bob_parsons,1,University of Baltimore,Bachelor of Arts/Science
bobby_murphy,1,Stanford University,Bachelor of Arts/Science
brad_jacobs,1,Brown University,Drop Out
brad_kelley,1,High School,Diploma
brad_kelley,2,Western Kentucky University,Drop Out
brad_keywell,1,University of Michigan,Bachelor of Arts/Science
brad_keywell,2,University of Michigan,Doctor of Jurisprudence
brett_adcock,1,University of Florida,Bachelor of Business Administration
brian_acton,1,Stanford University,Bachelor of Arts/Science
brian_armstrong,1,Rice University,Bachelor of Arts/Economics
brian_armstrong,2,Rice University,Master of Arts/Science
brian_chesky,1,Rhode Island School of Design,Bachelor of Arts/Science
brian_higgins,1,Villanova University,Bachelor of Arts/Science
brian_roberts,1,"University of Pennsylvania, The Wharton School",Bachelor of Arts/Science
bruce_karsh,1,Duke University,Bachelor of Arts/Science
bruce_karsh,2,University of Virginia,Doctor of Jurisprudence
bruce_kovner,1,Harvard University,Bachelor of Arts/Science
bruce_toll,1,University of Miami,Bachelor of Arts
bubba_cathy,1,Samford University,Bachelor of Arts/Science
c_dean_metropoulos,1,Babson College,Bachelor of Arts/Science
c_dean_metropoulos,2,Babson College,Master of Business Administration
cameron_winklevoss,1,Harvard University,Bachelor of Arts/Economics
carl_cook,1,Purdue University,Bachelor of Arts/Science
carl_cook,2,Tippie School of Management,Master of Business Administration
carl_icahn,1,New York University,Drop Out
carl_icahn,2,Princeton University,Bachelor of Arts/Science
carl_thoma,1,Oklahoma State University,Bachelor of Science
carl_thoma,2,Stanford Business School,Master of Business Administration
chad_richison,1,University of Central Oklahoma,Bachelor of Arts/Science
charles_butt,1,"University of Pennsylvania, The Wharton School",Bachelor of Arts/Science
charles_ergen,1,University of Tennessee Knoxville,Bachelor of Arts/Science
charles_ergen,2,Wake Forest University School of Business,Master of Business Administration
charles_johnson,1,Yale University,Bachelor of Arts/Science
charles_koch,1,Massachusetts Institute of Technology,Bachelor of Arts/Science
charles_koch,2,Massachusetts Institute of Technology,Master of Science
charles_liang,1,National Taiwan University,Bachelor of Science in Engineering
charles_liang,2,University Of Texas At Arlington,Master of Science in Engineering
charles_schwab,1,Stanford Graduate School of Business,Master of Business Administration
charles_schwab,2,Stanford University,Bachelor of Arts/Science
charles_simonyi,1,Stanford University,Doctorate
charles_simonyi,2,"University of California, Berkeley",Bachelor of Arts/Science
charles_zegar,1,Long Island University,Bachelor of Arts/Science
charles_zegar,2,New York University,Master of Science
charlotte_colket_weber,1,University of Paris,Bachelor of Arts/Science
chase_coleman_iii,1,Williams College,Bachelor of Arts/Science
chris_larsen,1,San Francisco State University,Bachelor of Arts/Science
chris_larsen,2,Stanford Graduate School of Business,Master of Business Administration
chris_wanstrath,1,University of Cincinnati,Bachelor of Arts/Science
christian_chabot,1,Stanford University,Bachelor of Science
christian_chabot,2,Stanford University Graduate School of Business,Master of Business Administration
christian_chabot,3,University of Sussex,Master of Science
christopher_goldsbury,1,Trinity University,Bachelor of Arts/Science
christopher_reyes,1,University of Maryland,Bachelor of Arts/Science
christy_walton,1,High School,High School Graduate
cliff_asness,1,University of Chicago,Doctorate
cliff_asness,2,University of Chicago,Master of Business Administration
cliff_asness,3,"University of Pennsylvania, The Wharton School",Bachelor of Arts/Science
craig_mccaw,1,Stanford University,Bachelor of Arts/Science
dagmar_dolby,1,Heidelberg University,Bachelor of Arts/Science
dan_cathy,1,Georgia Southern University,Bachelor of Arts/Science
dan_friedkin,1,Georgetown University,Bachelor of Arts/Science
dan_friedkin,2,Rice University,Master of Business Administration
dan_kurzius,1,High School,High School Graduate
dan_snyder,1,University of Maryland,Drop Out
dan_wilks,1,High School,Diploma
daniel_d_aniello,1,Harvard University,Master of Business Administration
daniel_d_aniello,2,Syracuse University,Bachelor of Arts/Science
daniel_gilbert,1,Michigan State University,Bachelor of Arts/Science
daniel_gilbert,2,Wayne State University,LLB
daniel_loeb,1,Columbia University,Bachelor of Arts/Science
daniel_lubetzky,1,Trinity University of San Antonio,Bachelor of Arts/Science
daniel_och,1,"University of Pennsylvania, The Wharton School",Bachelor of Arts/Science
daniel_pritzker,1,Northwestern University,Doctor of Jurisprudence
daniel_pritzker,2,Tufts University,Bachelor of Arts/Science
daniel_ziff,1,Columbia University,Bachelor of Arts/Science
david_baszucki,1,Stanford University,Bachelor of Arts/Science
david_blitzer,1,The Wharton School at the University of Pennsylvania,Bachelor of Arts/Science
david_booth,1,University of Kansas,Bachelor of Arts/Science
david_booth,2,University of Kansas,Master of Science
david_c_paul,1,Temple University,Master of Science
david_c_paul,2,University of Madras,Bachelor of Arts/Science
david_duffield,1,Cornell University,Bachelor of Engineering
david_duffield,2,Samuel Curtis Johnson Graduate School of Management,Master of Business Administration
david_filo,1,Stanford University,Master of Science
david_filo,2,Tulane University,Bachelor of Arts/Science
david_geffen,1,The University of Texas at Austin,Drop Out
david_golub,1,Harvard College,Bachelor of Arts/Economics
david_golub,2,Oxford University,Master of Philosophy
david_golub,3,Stanford Business School,Master of Business Administration
david_hoffmann,1,Central Missouri State University,Bachelor of Business Administration
david_kabiller,1,Northwestern University,Bachelor of Arts/Science
david_kabiller,2,Northwestern University,Master of Business Administration
david_kaplan,1,University of Michigan,Bachelor of Business Administration
david_rubenstein,1,Duke University,Bachelor of Arts/Science
david_rubenstein,2,University of Chicago,Doctor of Jurisprudence
david_shaw,1,Stanford University,Doctorate
david_shaw,2,"University of California, San Diego",Bachelor of Arts/Science
david_siegel,1,Massachusetts Institute of Technology,Ph.D
david_siegel,2,Princeton University,Bachelor of Arts/Science
david_steward,1,Central Missouri State University,Bachelor of Arts/Science
david_sun,1,Tatung University,Bachelor of Engineering
david_tepper,1,David A. Tepper School of Business,Master of Business Administration
david_tepper,2,University of Pittsburgh,Bachelor of Arts/Science
david_walentas,1,University of Virginia,Bachelor of Arts/Science
david_zalik,1,Auburn University,Drop Out
dean_solon,1,Purdue University,Drop Out
dennis_washington,1,High School,Diploma
diane_hendricks,1,High School,Diploma
dick_wolf,1,The University of Pennsylvania,Bachelor of Arts
dirk_ziff,1,Columbia University,Bachelor of Arts/Science
dirk_ziff,2,Harvard University,Master of Business Administration
don_hankey,1,University of Southern California,Bachelor of Arts/Science
don_vultaggio,1,High School,High School Graduate
donald_bren,1,University of Washington,Bachelor of Arts/Science
donald_newhouse,1,Syracuse University,Drop Out
donald_sterling,1,California State Los Angeles,Bachelor of Arts/Science
donald_sterling,2,Southwestern Law School,Doctor of Jurisprudence
donald_trump,1,Fordham University,
donald_trump,2,University of Pennsylvania,Bachelor of Arts/Science
doris_fisher,1,Stanford University,Bachelor of Arts/Science
doug_meijer,1,University of Michigan,Bachelor of Arts/Science
doug_ostrover,1,New York University,Master of Business Administration
doug_ostrover,2,University of Pennsylvania,Bachelor of Arts/Science
douglas_leone,1,Columbia University,Master of Science
douglas_leone,2,Cornell University,Bachelor of Arts/Science
douglas_leone,3,MIT Sloan School of Management,Master of Business Administration
drayton_mclane_jr,1,Baylor University,Bachelor of Arts/Science
drayton_mclane_jr,2,Broad College of Business,Master of Business Administration
drew_houston,1,Massachusetts Institute of Technology,Bachelor of Arts/Science
dustin_moskovitz,1,Harvard University,Drop Out
dwight_schar,1,Ashland University,Bachelor of Arts/Science
edward_bass,1,Yale University,Bachelor of Arts/Science
edward_debartolo_jr,1,Notre Dame University,Bachelor of Arts/Science
edward_johnson_iv,1,Northeastern University,Bachelor of Arts/Science
edward_lampert,1,Yale University,Bachelor of Arts/Science
edward_roski_jr,1,University of Southern California,Bachelor of Arts/Science
edward_stack,1,St. John Fisher College,Bachelor of Arts/Science
egon_durban,1,Georgetown University,Bachelor of Science
elizabeth_johnson,1,Franklin Pierce University,Bachelor of Arts/Science
elon_musk,1,University of Pennsylvania,Bachelor of Arts/Science
eren_ozmen,1,University of Nevada at Reno,Master of Business Administration
eric_lefkofsky,1,University of Michigan,Bachelor of Arts/Science
eric_lefkofsky,2,University of Michigan,Doctor of Jurisprudence
eric_schmidt,1,Princeton University,Bachelor of Arts/Science
eric_schmidt,2,"University of California, Berkeley",Doctorate
eric_schmidt,3,"University of California, Berkeley",Master of Science
eric_yuan,1,China University of Mining and Technology,Master of Engineering Management
eric_yuan,2,Shandong Institute of Business and Technology,Bachelor of Engineering
ernest_garcia_ii,1,University of Arizona,Drop Out
ernest_garcia_iii,1,Stanford University,Bachelor of Science
evan_spiegel,1,Stanford University,Bachelor of Science
evan_williams,1,University of Nebraska Lincoln,Drop Out
farris_wilks,1,High School,Diploma
fernando_de_leon,1,Harvard University,Bachelor of Arts
forrest_preston,1,Oregon State University,
forrest_preston,2,Walla Walla College,
francis_biondi,1,Harvard Business School,Master of Business Administration
francis_biondi,2,Yale University,Bachelor of Arts/Science
frank_fertitta_iii,1,University of Southern California,Bachelor of Arts/Science
frank_holding,1,"University of North Carolina, Chapel Hill",Bachelor of Business Administration
frank_holding,2,"University of Pennsylvania, Wharton",Master of Business Administration
frank_laukien,1,Harvard University,Doctorate
frank_laukien,2,Massachusetts Institute of Technology,Bachelor of Arts/Science
frank_slootman,1,"Erasmus University Rotterdam, The Netherlands",Bachelor of Science
frank_slootman,2,"Erasmus University Rotterdam, The Netherlands",Master of Science
frank_vandersloot,1,Brigham Young University,Bachelor of Arts/Science
fred_ehrsam,1,Duke Univeristy,Bachelor of Science
frederic_luddy,1,Indiana University,Drop Out
gabe_newell,1,Harvard University,Drop Out
gail_miller,1,University of Utah,Drop Out
gary_magness,1,Western State College of Colorado,Drop Out
gary_michelson,1,Hahnemann Medical College,Medical Doctor
gary_michelson,2,Temple University,Bachelor of Arts/Science
gary_rollins,1,University of Tennessee Chattanooga,Bachelor of Arts/Science
gayle_benson,1,High School,High School Graduate
geoffrey_palmer,1,Pepperdine Caruso School of Law,Doctor of Jurisprudence
geoffrey_palmer,2,University of Colorado at Boulder,Bachelor of Arts/Economics
george_argyros,1,Chapman University,Bachelor of Arts/Science
george_joseph,1,Harvard University,Bachelor of Arts/Science
george_kaiser,1,Harvard University,Bachelor of Arts/Science
george_kaiser,2,Harvard University,Master of Business Administration
george_kurtz,1,Seton Hall University,Bachelor of Science
george_lucas,1,University of Southern California,Bachelor of Arts/Science
george_marcus,1,San Francisco State,Bachelor of Arts/Economics
george_roberts,1,Claremont McKenna College,Bachelor of Arts/Science
george_roberts,2,UC Hastings,Doctor of Jurisprudence
george_soros,1,London School of Economics,Bachelor of Arts/Science
george_yancopoulos,1,Columbia University,Medical Doctor
george_yancopoulos,2,Columbia University,Ph.D
gerald_ford,1,Southern Methodist University,Bachelor of Arts/Science
gerald_ford,2,Southern Methodist University,Doctor of Jurisprudence
glen_taylor,1,Minnesota State University,Bachelor of Arts/Science
glenn_dubin,1,SUNY Stony Brook,Bachelor of Arts/Science
gordon_getty,1,San Francisco Conservatory of Music,Bachelor of Arts/Science
gregg_hymowitz,1,Harvard Law School,Doctor of Jurisprudence
gregg_hymowitz,2,State University of New York at Binghamton,Bachelor of Arts
gwynne_shotwell,1,Northwestern University,Bachelor of Arts/Science
gwynne_shotwell,2,Northwestern University,Master of Science
haim_saban,1,High School,Diploma
hal_steinbrenner,1,University of Florida,Masters in Finance
hal_steinbrenner,2,Williams College,Bachelor of Science
hamilton_e_james,1,Harvard University,Bachelor of Arts/Science
hamilton_e_james,2,Harvard University,Master of Business Administration
hank_meijer,1,University of Michigan,Bachelor of Arts/Science
harold_hamm,1,High School,Diploma
harold_hamm,2,Phillips University,Drop Out
hartley_rogers,1,Harvard Business School,Master of Business Administration
hayes_barnard,1,University of Missouri,Bachelor of Business Administration
helen_johnson_leipold,1,Cornell University,Bachelor of Arts/Science
henry_davis,1,University of Denver,Bachelor of Arts/Science
henry_kravis,1,Claremont McKenna College,Bachelor of Arts/Science
henry_kravis,2,Columbia Business School,Master of Business Administration
henry_laufer,1,City College of New York,Bachelor of Arts/Science
henry_laufer,2,Princeton University,Doctorate
henry_nicholas_iii,1,"University of California, Los Angeles",Bachelor of Arts/Science
henry_nicholas_iii,2,"University of California, Los Angeles",Doctorate
henry_nicholas_iii,3,"University of California, Los Angeles",Master of Science
henry_samueli,1,"University of California, Los Angeles",Bachelor of Arts/Science
henry_samueli,2,"University of California, Los Angeles",Doctorate
henry_samueli,3,"University of California, Los Angeles",Master of Science
henry_swieca,1,Columbia Business School,Master of Business Administration
henry_swieca,2,SUNY Stony Brook,Bachelor of Arts/Science
herald_chen,1,Stanford University,Master of Business Administration
herald_chen,2,The University of Pennsylvania,Bachelor of Science
herbert_allen_jr,1,Williams College,Bachelor of Arts/Science
herbert_fisk_johnson_iii,1,Cornell University,Bachelor of Arts/Science
herbert_fisk_johnson_iii,2,Cornell University,Doctorate
herbert_fisk_johnson_iii,3,Cornell University,Master of Science
herbert_fisk_johnson_iii,4,Samuel Curtis Johnson Graduate School of Management,Master of Business Administration
herbert_simon,1,City College of New York,Bachelor of Arts/Science
herbert_wertheim,1,Brevard Community College,Associate in Arts/Science
herbert_wertheim,2,Southern College of Optometry,Bachelor of Arts/Science
herbert_wertheim,3,Southern College of Optometry,Doctorate
herriot_tabuteau,1,Wesleyan,Bachelor of Arts
herriot_tabuteau,2,Yale School of Medicine,Medical Doctor
holden_spaht,1,Dartmouth College,Bachelor of Arts/Science
holden_spaht,2,Harvard Business School,Master of Business Administration
howard_marks,1,"University of Pennsylvania, The Wharton School",Bachelor of Arts/Science
howard_schultz,1,Northern Michigan University,Bachelor of Arts/Science
igor_olenicoff,1,University of Southern California,Bachelor of Arts/Science
igor_olenicoff,2,University of Southern California,Master of Business Administration
igor_olenicoff,3,University of Southern California,Master of Science
igor_tulchinsky,1,The University of Texas at Austin,Master of Arts
igor_tulchinsky,2,The Wharton School at the University of Pennsylvania,Master of Business Administration
ira_rennert,1,Brooklyn College,Bachelor of Arts/Science
ira_rennert,2,Leonard N. Stern School of Business,Master of Business Administration
irving_grousbeck,1,Amherst College,Bachelor of Arts
irving_grousbeck,2,Harvard University,Master of Business Administration
israel_englander,1,New York University,Bachelor of Arts/Science
issac_perlmutter,1,High School,High School Graduate
j_christopher_flowers,1,Harvard University,Bachelor of Arts/Science
j_hyatt_brown,1,University of Florida,Bachelor of Arts/Science
j_joe_ricketts,1,Creighton University,Bachelor of Arts/Science
j_tomilson_hill,1,Harvard Business School,Master of Business Administration
j_tomilson_hill,2,Harvard University,Bachelor of Arts/Science
jack_dangermond,1,California State Polytechnical University,Bachelor of Arts/Science
jack_dangermond,2,Harvard University,Master of Science
jack_dangermond,3,University of Minnesota,Master of Science
jack_dorsey,1,New York University,Drop Out
jacqueline_mars,1,Bryn Mawr College,Bachelor of Arts/Science
jahm_najafi,1,University of California Berkeley,Bachelor of Arts/Economics
james_chambers,1,Bard College,Bachelor of Arts/Science
james_chao,1,Massachusetts Institue of Technology,Bachelor of Arts/Science
james_clark,1,University of New Orleans,Bachelor of Arts/Science
james_clark,2,University of New Orleans,Master of Science
james_clark,3,University of Utah,Ph.D
james_dinan,1,Harvard University,Master of Business Administration
james_dinan,2,"University of Pennsylvania, The Wharton School",Bachelor of Arts/Science
james_france,1,Florida Southern College,Bachelor of Arts/Science
james_goodnight,1,North Carolina State University,Bachelor of Arts/Science
james_goodnight,2,North Carolina State University,Doctorate
james_goodnight,3,North Carolina State University,Master of Science
james_jannard,1,University of Southern California,Drop Out
james_leininger,1,Indiana University,Bachelor of Arts/Science
james_leininger,2,Indiana University,Medical Doctor
james_scapa,1,Columbia University,Bachelor of Arts/Science
james_scapa,2,University of Michigan,Master of Business Administration
james_tisch,1,Cornell University,Bachelor of Arts/Science
james_tisch,2,The Wharton School at the University of Pennsylvania,Master of Business Administration
james_truchard,1,The University of Texas at Austin,Doctorate
jamie_dimon,1,Harvard Business School,Master of Business Administration
jan_koum,1,San Jose State University,Drop Out
jane_goldman,1,Manhattanville College,Bachelor of Arts/Science
jane_lauder,1,Stanford University,Bachelor of Arts/Science
janice_mcnair,1,Columbia College,Bachelor of Arts/Science
jared_smith,1,London School of Economics,Bachelor of Science
jason_murray,1,Weber State University,Bachelor of Arts
jason_murray,2,Weber State University,Master
jay_chaudhry,1,"Indian Institute of Technology, BHU",Bachelor of Technology
jay_paul,1,Boston University,Bachelor of Arts/Science
jay_robert_pritzker,1,Duke University,Bachelor of Arts/Science
jay_robert_pritzker,2,Northwestern University,Doctor of Jurisprudence
jayshree_ullal,1,San Francisco State University,Bachelor of Arts/Science
jayshree_ullal,2,Santa Clara University,Master of Science
jean_gigi_pritzker,1,Stanford University,Bachelor of Arts/Science
jean_marc_chapus,1,Harvard University,Bachelor of Arts/Science
jean_marc_chapus,2,Harvard University,Master of Business Administration
jeff_bezos,1,Princeton University,Bachelor of Arts/Science
jeff_greene,1,Harvard University,Master of Business Administration
jeff_greene,2,Johns Hopkins University,Bachelor of Arts/Science
jeff_lawson,1,University of Michigan,Bachelor of Arts/Science
jeff_rothschild,1,Vanderbilt University,Bachelor of Arts/Science
jeff_rothschild,2,Vanderbilt University,Master of Science
jeff_skoll,1,Stanford Graduate School of Business,Master of Business Administration
jeff_skoll,2,University of Toronto,Bachelor of Arts/Science
jeff_sprecher,1,Pepperdine University,Master of Business Administration
jeff_sprecher,2,University of Wisconsin,Bachelor of Science
jeff_sutton,1,"University of Pennsylvania, The Wharton School",Bachelor of Arts/Science
jeff_t_green,1,University of Southern California,Bachelor of Arts/Science
jeff_tangney,1,Stanford Graduate School of Business,Master of Business Administration
jeff_tangney,2,University of Wisconsin Madison,Bachelor of Science
jeff_yass,1,SUNY Binghamton,Bachelor of Science
jeffrey_gundlach,1,Dartmouth College,Bachelor of Arts/Science
jeffrey_hildebrand,1,The University of Texas at Austin,Bachelor of Arts/Science
jeffrey_hildebrand,2,The University of Texas at Austin,Master of Science
jeffrey_lorberbaum,1,University of Denver,Bachelor of Arts/Science
jeffrey_lurie,1,Brandeis University,Doctorate
jeffrey_lurie,2,Clark University,Bachelor of Arts/Science
jeffrey_soffer,1,University of Miami,Drop Out
jeffrey_talpins,1,Yale University,Bachelor of Arts/Science
jennifer_pritzker,1,Loyola University Illinois,Bachelor of Arts/Science
jennifer_steinbrenner_swindal,1,The University of North Carolina at Chapel Hill,
jensen_huang,1,Oregon State University,Bachelor of Science in Engineering
jensen_huang,2,Stanford University,Master of Science in Engineering
jeremy_jacobs_sr,1,SUNY Buffalo,Bachelor of Arts/Science
jerry_jones,1,University of Arkansas,Bachelor of Arts/Science
jerry_jones,2,University of Arkansas,Master of Arts
jerry_reinsdorf,1,George Washington University,Bachelor of Arts/Science
jerry_reinsdorf,2,Northwestern University,Law Degree
jerry_seinfield,1,City University of New York Queens,Bachelor of Arts/Science
jerry_speyer,1,Columbia Business School,Master of Business Administration
jerry_speyer,2,Columbia University,Bachelor of Arts/Science
jerry_yang,1,Stanford University,Bachelor of Arts/Science
jerry_yang,2,Stanford University,Master of Science
jessica_steinbrenner,1,Sweet Briar College,
jim_breyer,1,Harvard Business School,Master of Business Administration
jim_breyer,2,Stanford University,Bachelor of Arts/Science
jim_coulter,1,Dartmouth College,Bachelor of Arts/Science
jim_coulter,2,Stanford University,Master of Business Administration
jim_crane,1,Central Missouri State University,Bachelor of Arts/Science
jim_davis,1,Middlebury College,Bachelor of Arts/Science
jim_davis_2,1,Villanova University,Bachelor of Arts/Science
jim_kavanaugh,1,St. Louis University,Bachelor of Arts/Science
jim_kennedy,1,University of Denver,Bachelor of Arts/Science
jim_koch,1,Harvard University,Bachelor of Arts/Science
jim_koch,2,Harvard University,Doctor of Jurisprudence
jim_koch,3,Harvard University,Master of Business Administration
jim_mckelvey,1,Washington University in St. Louis,Bachelor of Arts/Economics
jim_mckelvey,2,Washington University in St. Louis,Bachelor of Science
jim_walton,1,University of Arkansas,Bachelor of Arts/Science
jimmy_haslam,1,University of Tennessee Knoxville,Bachelor of Arts/Science
jimmy_john_liautaud,1,High School,High School Graduate
jimmy_rane,1,Auburn University,Bachelor of Arts/Science
jimmy_rane,2,Samford University,Doctor of Jurisprudence
joe_agresti,1,Rutgers University,Bachelor of Science
joe_gebbia,1,Rhode Island School of Design,Bachelor of Arts/Science
joe_kiani,1,San Diego State University,Bachelor of Engineering
joe_kiani,2,San Diego State University,Master of Science in Engineering
joe_lacob,1,Stanford University,Master of Business Administration
joe_lacob,2,UCLA,Masters of Public Health
joe_lacob,3,"University of California, Irvine",Bachelor of Arts/Science
joe_lonsdale,1,Stanford University,Bachelor of Arts/Science
joe_mansueto,1,University of Chicago,Bachelor of Arts/Science
joe_shoen,1,College of the Holy Cross,Bachelor of Arts/Science
joe_shoen,2,Harvard Business School,Master of Business Administration
john_a_sobrato,1,Santa Clara University,Bachelor of Arts/Science
john_abele,1,Amherst College,Bachelor of Arts/Science
john_arnold,1,Vanderbilt University,Bachelor of Arts/Science
john_bicket,1,Cornell University,Bachelor of Science
john_bicket,2,Massachusetts Institute of Technology,Master of Science
john_brown,1,Auburn University,Bachelor of Science in Engineering
john_catsimatidis,1,New York University,Drop Out
john_doerr,1,Harvard University,Master of Business Administration
john_doerr,2,Rice University,Bachelor of Arts/Science
john_doerr,3,Rice University,Master of Science
john_fish,1,Bowdoin College,Bachelor of Arts
john_fisher,1,Princeton University,Bachelor of Arts/Science
john_fisher,2,Stanford Graduate School of Business,Master of Business Administration
john_goff,1,University of Texas,Chartered Accountant
john_krystynak,1,"University of California, Santa Barbara",Bachelor of Science
john_liew,1,University of Chicago,Bachelor of Arts/Science
john_liew,2,University of Chicago,Master of Business Administration
john_liew,3,University of Chicago,Ph.D
john_malone,1,Johns Hopkins University,Doctorate
john_malone,2,Johns Hopkins University,Master of Science
john_malone,3,Yale University,Bachelor of Arts/Science
john_mars,1,The Hotchkiss School,Diploma
john_mars,2,Yale University,Bachelor of Arts/Science
john_menard_jr,1,"University of Wisconsin, Eau Claire",Bachelor of Arts/Science
john_middleton,1,Amherst College,Bachelor of Arts/Science
john_middleton,2,Harvard University,Master of Business Administration
john_morris,1,Drury University,Bachelor of Arts/Science
john_overdeck,1,Stanford University,Bachelor of Arts/Science
john_overdeck,2,Stanford University,Master of Science
john_oyler,1,Massachusetts Institute of Technology,Bachelor of Arts/Science
john_oyler,2,Stanford Graduate School of Business,Master of Business Administration
john_paul_dejoria,1,High School,Diploma
john_paulson,1,Harvard Business School,Master of Business Administration
john_paulson,2,New York University,Bachelor of Arts/Science
john_pritzker,1,Menlo College,Bachelor of Arts/Science
john_sall,1,Beloit College,Bachelor of Arts/Science
john_sall,2,Northern Illinois University,Master of Arts
john_stanton,1,Harvard University,Master of Business Administration
john_stanton,2,Whitman College,Bachelor of Arts/Science
john_tu,1,Technische Universität Darmstadt,Bachelor of Arts/Science
john_tyson,1,Southern Methodist University,Bachelor of Arts/Science
johnelle_hunt,1,University of Central Arkansas,Drop Out
jon_stryker,1,Kalamazoo College,Bachelor of Arts/Science
jon_stryker,2,"University of California, Berkeley",Master of Architecture
jon_yarbrough,1,Tennessee Technological University,Bachelor of Arts/Science
jonathan_gray,1,"University of Pennsylvania, The Wharton School",Bachelor of Arts/Science
jonathan_nelson,1,Brown University,Bachelor of Arts/Science
jonathan_nelson,2,Harvard University,Master of Business Administration
jorge_mas,1,University of Miami,Master of Business Administration
jorge_perez,1,CW Post College,Bachelor of Arts/Science
jorge_perez,2,University of Michigan,Master of Science
jose_e_feliciano,1,Princeton University,Bachelor of Engineering
jose_e_feliciano,2,Stanford University,Master of Business Administration
joseph_bae,1,Harvard University,Bachelor of Arts/Economics
joseph_edelman,1,New York University,Master of Business Administration
joseph_edelman,2,"University of California, San Diego",Bachelor of Arts/Science
joseph_grendys,1,Loyola University Chicago,Bachelor of Arts/Science
joseph_liemandt,1,Stanford University,Drop Out
joseph_steinberg,1,Harvard University,Master of Business Administration
joseph_steinberg,2,New York University,Bachelor of Arts/Science
josh_kushner,1,Harvard,Bachelor of Arts/Science
josh_kushner,2,Harvard Business School,Master of Business Administration
joshua_harris,1,Harvard University,Master of Business Administration
joshua_harris,2,"University of Pennsylvania, The Wharton School",Bachelor of Arts/Science
jude_reyes,1,Wofford College,Bachelor of Arts/Science
judy_faulkner,1,Dickinson College,Bachelor of Arts/Science
judy_faulkner,2,University of Wisconsin,Master of Science
julia_koch,1,University of Central Arkansas,Bachelor of Arts/Science
justin_ishbia,1,Michigan State University,Bachelor of Arts/Science
justin_ishbia,2,Vanderbilt University,Doctor of Jurisprudence
kamal_ghaffarian,1,Catholic University of America,Bachelor of Science in Engineering
kamal_ghaffarian,2,George Washington University,Master
karen_pritzker,1,Northwestern University,Bachelor of Arts/Science
katharine_rayner,1,Sarah Lawrence college,Bachelor of Arts/Science
kathy_britton,1,Baylor University,Bachelor of Business Administration
kathy_britton,2,The University of Houston,JD
kavitark_ram_shriram,1,University of Madras,Bachelor of Arts/Science
keith_dunleavy,1,Dartmouth College,Bachelor of Arts/Science
keith_dunleavy,2,Harvard University,Medical Doctor
kelcy_warren,1,University of Texas Arlington,Bachelor of Arts/Science
ken_fisher,1,Humboldt State University,Bachelor of Arts/Science
ken_griffin,1,Harvard University,Bachelor of Arts/Science
ken_xie,1,Stanford University,Master of Science
ken_xie,2,Tsinghua University,Bachelor of Science
ken_xie,3,Tsinghua University,Master of Science
kenneth_feld,1,Boston University,Bachelor of Arts/Science
kenneth_langone,1,Bucknell University,Bachelor of Arts/Science
kenneth_langone,2,Leonard N. Stern School of Business,Master of Business Administration
kenny_troutt,1,Southern Illinois University,Bachelor of Arts/Science
kevin_marchetti,1,Duke Univeristy,Bachelor of Arts/Science
kevin_plank,1,Robert H. Smith School of Business,Master of Business Administration
kevin_plank,2,University of Maryland,Bachelor of Arts/Science
kevin_systrom,1,Stanford University,Bachelor of Arts/Science
larry_connor,1,Ohio University,Bachelor of Arts/Science
larry_ellison,1,University of Chicago,Drop Out
larry_ellison,2,"University of Illinois, Urbana-Champaign",Drop Out
larry_page,1,Stanford University,Master of Science
larry_page,2,University of Michigan,Bachelor of Arts/Science
larry_robbins,1,"University of Pennsylvania, The Wharton School",Bachelor of Arts/Science
lauren_leichtman,1,"California State University, Northridge",Bachelor of Arts/Science
lauren_leichtman,2,Columbia Law School,LLM
lauren_leichtman,3,Southwestern University School of Law,JD
laurence_fink,1,Anderson School of Management,Master of Business Administration
laurence_fink,2,"University of California, Los Angeles",Bachelor of Arts/Science
laurene_powell_jobs,1,Stanford Graduate School of Business,Master of Business Administration
laurene_powell_jobs,2,"University of Pennsylvania, The Wharton School",Bachelor of Arts/Science
lawrence_golub,1,Harvard Business School,Master of Business Administration
lawrence_golub,2,Harvard College,Bachelor of Arts/Science
lawrence_golub,3,Harvard Law School,Doctor of Jurisprudence
lee_bass,1,"University of Pennsylvania, The Wharton School",Master of Business Administration
lee_bass,2,Yale University,Bachelor of Arts/Science
leon_black,1,Dartmouth College,Bachelor of Arts/Science
leon_black,2,Harvard University,Master of Business Administration
leon_cooperman,1,Columbia Business School,Master of Business Administration
leon_cooperman,2,Hunter College,Bachelor of Arts/Science
leonard_abess,1,The Wharton School at the University of Pennsylvania,Bachelor of Arts/Science
leonard_schleifer,1,Cornell University,Bachelor of Arts/Science
leonard_schleifer,2,University of Virginia,Medical Doctor
leonard_schleifer,3,University of Virginia,Ph.D
leonard_stern,1,Leonard N. Stern School of Business,Master of Business Administration
leonard_stern,2,New York University,Bachelor of Arts/Science
leonid_radvinsky,1,Northwestern University,Bachelor of Arts/Economics
les_wexner,1,Ohio State University,Bachelor of Arts/Science
leslie_alexander,1,New York University,Bachelor of Arts/Science
leslie_alexander,2,Western State University College of Law,Doctor of Jurisprudence
liesel_pritzker_simmons,1,Columbia University,Bachelor of Arts/Science
lisa_su,1,Massachusetts Institute of Technology,Bachelor of Engineering
lisa_su,2,Massachusetts Institute of Technology,Master of Science in Engineering
lisa_su,3,Massachusetts Institute of Technology,Ph.D
lloyd_blankfein,1,Harvard University,Bachelor of Arts/Science
lloyd_blankfein,2,Harvard University,Doctor of Jurisprudence
lorenzo_fertitta,1,Leonard N. Stern School of Business,Master of Business Administration
lorenzo_fertitta,2,U of San Diego,Bachelor of Arts/Science
louis_bacon,1,Columbia Business School,Master of Business Administration
louis_bacon,2,Middlebury College,Bachelor of Arts/Science
lukas_walton,1,Colorado College,Bachelor of Arts/Science
lynn_schusterman,1,University of Miami,Drop Out
mackenzie_scott,1,Princeton University,Bachelor of Arts/Science
maggie_hardy,1,West Virginia University,Drop Out
marc_andreessen,1,"University of Illinois, Urbana-Champaign",Bachelor of Arts/Science
marc_benioff,1,University of Southern California,Bachelor of Arts/Science
marc_lasry,1,Clark University,Bachelor of Arts/Science
marc_lasry,2,New York Law School,Doctor of Jurisprudence
marc_lipschultz,1,Stanford University,Bachelor of Arts/Science
marc_rowan,1,University of Pennsylvania,Bachelor of Arts/Science
marc_rowan,2,"University of Pennsylvania, The Wharton School",Master of Business Administration
margaretta_taylor,1,Finch College,Bachelor of Arts/Science
margot_birmingham_perot,1,Goucher College,Bachelor of Arts/Science
marian_ilitch,1,High School,Diploma
marian_ilitch,2,High School,High School Graduate
marianne_liebmann,1,Montana State University,Bachelor of Arts/Science
marijke_mars,1,Duke University,Bachelor of Arts/Science
mario_gabelli,1,Columbia Business School,Master of Business Administration
mario_gabelli,2,Fordham University,Bachelor of Arts/Science
marissa_mayer,1,Stanford University,Bachelor of Arts/Science
marissa_mayer,2,Stanford University,Master of Science
mark_attanasio,1,Brown University,Bachelor of Arts/Science
mark_attanasio,2,Columbia University,JD
mark_cuban,1,Indiana University,Bachelor of Arts/Science
mark_davis,1,California State Chico,Diploma
mark_hancock,1,Brigham Young University,Bachelor of Science in Engineering
mark_hancock,2,Brigham Young University,Master of Business Administration
mark_pincus,1,Harvard University,Master of Business Administration
mark_pincus,2,University of Pennsylvania,Bachelor of Arts/Science
mark_shoen,1,College of the Holy Cross,Bachelor of Arts/Science
mark_stevens,1,Harvard University,Master of Business Administration
mark_stevens,2,University of Southern California,Bachelor of Arts/Science
mark_stevens,3,University of Southern California,Master of Science
mark_walter,1,Creighton University,Bachelor of Arts/Science
mark_walter,2,Northwestern University,Doctor of Jurisprudence
mark_zuckerberg,1,Harvard University,Drop Out
martha_ingram,1,Vassar College,Bachelor of Arts/Science
mat_ishbia,1,Michigan State University,Bachelor of Business Administration
matthew_prince,1,Harvard Business School,Master of Business Administration
matthew_prince,2,Trinity College Connecticut,Bachelor of Arts/Science
matthew_prince,3,University of Chicago,Doctor of Jurisprudence
matthew_roszak,1,Lake Forest College,Bachelor of Arts/Economics
max_levchin,1,University of Illinois Urbana Champaign,Bachelor of Science
meg_whitman,1,Harvard Business School,Master of Business Administration
meg_whitman,2,Princeton University,Bachelor of Arts/Science
melinda_french_gates,1,Duke University,Bachelor of Arts/Science
melinda_french_gates,2,Fuqua School of Business,Master of Business Administration
michael_arougheti,1,Yale University,Bachelor of Arts
michael_bloomberg,1,Harvard Business School,Master of Business Administration
michael_bloomberg,2,Johns Hopkins University,Bachelor of Arts/Science
michael_dell,1,The University of Texas at Austin,Drop Out
michael_dunlap,1,University of Nebraska Lincoln,Bachelor of Arts/Science
michael_dunlap,2,University of Nebraska Lincoln,Doctor of Jurisprudence
michael_jordan,1,"University of North Carolina, Chapel Hill",Bachelor of Arts/Science
michael_krasny,1,"University of Illinois, Urbana-Champaign",Bachelor of Arts/Science
michael_milken,1,"University of California, Berkeley",Bachelor of Arts/Science
michael_milken,2,"University of Pennsylvania, The Wharton School",Master of Business Administration
michael_moritz,1,"Christ Church, Oxford University",Bachelor of Arts/Science
michael_moritz,2,"University of Pennsylvania, The Wharton School",Master of Business Administration
michael_novogratz,1,Princeton University,Bachelor of Arts/Science
michael_patterson,1,Harvard University,Bachelor of Arts/Science
michael_patterson,2,Stanford University Graduate School of Business,Master of Business Administration
michael_polsky,1,University of Chicago Booth School of Business,Master of Business Administration
michael_rees,1,Massachusetts Institute of Technology,Master of Arts/Science
michael_rees,2,University of Pittsburgh,Bachelor of Arts/Science
michael_rubin,1,Villanova University,Drop Out
michael_s_smith,1,University of Colorado,Drop Out
michael_saylor,1,Massachusetts Institute of Technology,Bachelor of Arts/Science
michael_steinhardt,1,University of Pennsylvania,
michael_teel,1,Whittier College,Bachelor of Arts/Science
michael_xie,1,Tsinghua University,Bachelor of Arts/Science
michael_xie,2,Tsinghua University,Master of Science
michael_xie,3,University of Manitoba,Master of Science
micky_arison,1,University of Miami,Drop Out
mike_brown,1,Dartmouth College,
mike_brown,2,Harvard Law School,
mike_repole,1,St. John's University,Bachelor of Science
mike_speiser,1,Harvard Business School,Master of Business Administration
mike_speiser,2,University of Arizona,Bachelor of Arts/Science
milane_frantz,1,University of Houston,Master of Arts
min_kao,1,National Taiwan University,Bachelor of Arts/Science
min_kao,2,University of Tennessee Knoxville,Doctorate
min_kao,3,University of Tennessee Knoxville,Master of Science
miriam_adelson,1,Hebrew University Jerusalem,Bachelor of Science
mitchell_jacobson,1,Brandeis University,Bachelor of Arts/Science
mitchell_jacobson,2,New York University,Law Degree
mitchell_morgan,1,Temple University,Bachelor of Science
mitchell_morgan,2,Temple University,JD
mitchell_rales,1,Miami University of Ohio,Bachelor of Arts/Science
mortimer_zuckerman,1,Harvard University,LLM
mortimer_zuckerman,2,McGill University,Bachelor of Arts/Science
mortimer_zuckerman,3,"University of Pennsylvania, The Wharton School",Master of Business Administration
nancy_lerner,1,Cleveland State University,Doctor of Jurisprudence
nancy_lerner,2,University of Cincinnati,Bachelor of Arts/Science
nancy_walton_laurie,1,University of Memphis,Bachelor of Arts/Science
nathan_blecharczyk,1,Harvard University,Bachelor of Arts/Science
neal_blue,1,Yale University,Bachelor of Arts/Science
neerja_sethi,1,Delhi University,Bachelor of Arts/Science
neerja_sethi,2,Delhi University,Master of Business Administration
neerja_sethi,3,Oakland University,Master of Science
neil_bluhm,1,Northwestern University,Doctor of Jurisprudence
neil_bluhm,2,"University of Illinois, Urbana-Champaign",Bachelor of Arts/Science
nelson_peltz,1,"University of Pennsylvania, The Wharton School",Drop Out
nicholas_pritzker,1,Lake Forest College,Bachelor of Arts/Science
nicholas_pritzker,2,University of Chicago,Doctor of Jurisprudence
nicholas_woodman,1,"University of California, San Diego",Bachelor of Arts/Science
nicolas_berggruen,1,New York University,Bachelor of Arts/Science
niraj_shah,1,Cornell University,Bachelor of Science in Engineering
noam_gottesman,1,Columbia University,Bachelor of Arts/Science
norman_braman,1,Temple University,Bachelor of Arts/Science
noubar_afeyan,1,Massachusetts Institute of Technology,Ph.D
noubar_afeyan,2,McGill University,Bachelor of Science
oprah_winfrey,1,Tennessee State University,Bachelor of Arts/Science
orion_hindawi,1,"University of California, Berkeley",Drop Out
orlando_bravo,1,Brown University,Bachelor of Arts/Science
orlando_bravo,2,Stanford Graduate School of Business,Master of Business Administration
orlando_bravo,3,Stanford University,Doctor of Jurisprudence
pablo_legorreta,1,Universidad Iberoamericana,Bachelor of Science in Engineering
palmer_luckey,1,"California State University, Long Beach",Drop Out
pamela_mars,1,Vassar College,Bachelor of Arts/Science
parker_conrad,1,Harvard University,Bachelor of Arts/Science
pat_stryker,1,University of Northern Colorado,Drop Out
patrick_hanrahan,1,University of Wisconsin Madison,Bachelor of Science
patrick_hanrahan,2,University of Wisconsin Madison,Ph.D
patrick_ryan,1,Northwestern University,Bachelor of Arts/Science
patrick_soon_shiong,1,University of British Columbia,Master of Science
patrick_soon_shiong,2,University of Witwatersrand,Bachelor of Arts/Science
patrick_soon_shiong,3,University of Witwatersrand,Medical Doctor
patrick_zalupski,1,Stetson University,Bachelor of Science
patrizio_vinciarelli,1,La Sapienza University of Rome,Ph.D
paul_foster,1,Baylor University,Bachelor of Arts/Science
paul_saville,1,The College of William & Mary,Bachelor of Arts/Science
paul_saville,2,The University of Pittsburgh,Master of Business Administration
paul_sciarra,1,Yale University,Bachelor of Arts/Science
paul_singer,1,Harvard University,Doctor of Jurisprudence
paul_singer,2,University of Rochester,Bachelor of Arts/Science
paul_tudor_jones_ii,1,University of Virginia,Bachelor of Arts/Science
peggy_cherng,1,Oregon State University,Bachelor of Arts/Science
peggy_cherng,2,University of Missouri,Master of Science
peggy_cherng,3,University of Missouri,Ph.D
penny_pritzker,1,Harvard University,Bachelor of Arts/Science
penny_pritzker,2,Stanford Graduate School of Business,Master of Business Administration
penny_pritzker,3,Stanford University,Doctor of Jurisprudence
peter_gassner,1,Oregon State University,Bachelor of Science
peter_guber,1,New York University,JD
peter_guber,2,New York University,LLM
peter_guber,3,Syracuse University,Bachelor of Arts
peter_kellogg,1,Babson College,Bachelor of Arts/Science
peter_sperling,1,"University of California, Santa Barbara",Bachelor of Arts/Science
peter_sperling,2,University of Phoenix,Master of Business Administration
peter_thiel,1,Stanford University,Bachelor of Arts/Science
peter_thiel,2,Stanford University,Doctor of Jurisprudence
phil_knight,1,Stanford Graduate School of Business,Master of Business Administration
phil_knight,2,University of Oregon,Bachelor of Arts/Science
phil_ruffin,1,Wichita State University,Drop Out
philip_anschutz,1,University of Kansas,Bachelor of Arts/Science
philippe_laffont,1,Massachusetts Institute of Technology,Bachelor of Arts/Science
philippe_laffont,2,Massachusetts Institute of Technology,Master of Science
phillip_frost,1,University of Pennsylvania,Bachelor of Arts/Science
phillip_frost,2,Yeshiva U Albert Einstein College of Medicine,Medical Doctor
phillip_ragon,1,Massachusetts Institute of Technology,Bachelor of Arts/Science
pierre_omidyar,1,Tufts University,Bachelor of Arts/Science
rajiv_jain,1,University of Miami,Master of Business Administration
rajiv_jain,2,University of Panjab,Bachelor of Arts/Science
rakesh_gangwal,1,Indian Institute of Technology,Bachelor of Science in Engineering
rakesh_gangwal,2,"University of Pennsylvania, The Wharton School",Master of Business Administration
ramzi_musallam,1,Colgate University,Bachelor of Arts/Science
ramzi_musallam,2,University of Chicago Booth School of Business,Master of Business Administration
randa_williams,1,Rice University,Bachelor of Arts/Science
randa_williams,2,University of Houston,Doctor of Jurisprudence
randal_j_kirk,1,Radford,Bachelor of Arts/Science
randal_j_kirk,2,University of Virginia,Doctor of Jurisprudence
randolph_lerner,1,Columbia University,Bachelor of Arts/Science
randolph_lerner,2,Columbia University,LLB
ray_dalio,1,Harvard Business School,Master of Business Administration
ray_dalio,2,Long Island University,Bachelor of Arts/Science
ray_davis,1,LeTourneau University's School of Business,Master of Business Administration
ray_lee_hunt,1,Southern Methodist University,Bachelor of Arts/Science
reed_hastings,1,Bowdoin College,Bachelor of Arts/Science
reed_hastings,2,Stanford University,Master of Science
reid_hoffman,1,Oxford University,Master of Science
reid_hoffman,2,Stanford University,Bachelor of Arts/Science
reinhold_schmieding,1,Michigan State University,Bachelor of Arts/Science
richard_fairbank,1,Stanford Graduate School of Business,Master of Business Administration
richard_fairbank,2,Stanford University,Bachelor of Arts/Economics
richard_hayne,1,Lehigh University,Bachelor of Arts/Science
richard_kayne,1,Stanford University,Bachelor of Arts/Science
richard_kayne,2,"University of California, Los Angeles",Master of Business Administration
richard_kinder,1,University of Missouri,Bachelor of Arts/Science
richard_kinder,2,University of Missouri,Doctor of Jurisprudence
richard_lefrak,1,Amherst College,Bachelor of Arts/Science
richard_lefrak,2,Columbia University,Doctor of Jurisprudence
richard_peery,1,Brigham Young University,Bachelor of Arts/Science
richard_saghian,1,California State University Northridge,Drop Out
richard_sands,1,University of North Carolina,Doctorate
richard_sands,2,University of Vermont,Bachelor of Arts/Science
richard_schulze,1,High School,Diploma
richard_uihlein,1,Stanford University,Bachelor of Arts/Science
richard_yuengling_jr,1,Lycoming College,Drop Out
rick_caruso,1,Pepperdine University,Doctor of Jurisprudence
rick_caruso,2,University of Southern California,Bachelor of Arts/Science
rick_cohen,1,The Wharton School at the University of Pennsylvania,Bachelor of Arts/Science
riley_bechtel,1,Stanford University,Doctor of Jurisprudence
riley_bechtel,2,Stanford University,Master of Business Administration
riley_bechtel,3,University of Calif Davis,Bachelor of Arts/Science
rob_walton,1,Columbia University,Doctor of Jurisprudence
rob_walton,2,University of Arkansas,Bachelor of Arts/Science
robert_bass,1,Stanford University,Master of Business Administration
robert_bass,2,Yale University,Bachelor of Arts/Science
robert_duggan,1,"University of California, Los Angeles",Drop Out
robert_duggan,2,"University of California, Santa Barbara",Drop Out
robert_faith,1,Harvard Business School,Master of Business Administration
robert_faith,2,University of Oklahoma,Bachelor of Science
robert_fisher,1,Princeton University,Bachelor of Arts/Science
robert_fisher,2,Stanford University,Master of Business Administration
robert_hale,1,Connecticut College,Bachelor of Arts/Science
robert_kraft,1,Columbia University,Bachelor of Arts/Science
robert_kraft,2,Harvard Business School,Master of Business Administration
robert_muglia,1,University of Michigan,Bachelor of Science
robert_pera,1,"University of California, San Diego",Bachelor of Arts/Science
robert_pera,2,"University of California, San Diego",Master of Science
robert_rich_jr,1,Simon School of Business,Master of Business Administration
robert_rich_jr,2,Williams College,Bachelor of Arts/Science
robert_rowling,1,Southern Methodist University,Doctor of Jurisprudence
robert_rowling,2,The University of Texas at Austin,Bachelor of Arts/Science
robert_sands,1,Pace University,Law Degree
robert_sands,2,Skidmore College,Bachelor of Arts/Science
robert_smith,1,Columbia University,Master of Business Administration
robert_smith,2,Cornell University,Bachelor of Arts/Science
robert_ziff,1,Cornell University,Doctor of Jurisprudence
robert_ziff,2,Harvard University,Bachelor of Arts/Science
rodger_riney,1,University of Missouri,Bachelor of Arts/Science
rodger_riney,2,University of Missouri,Master of Business Administration
rodney_sacks,1,University of Witwatersrand,Law Degree
roger_penske,1,Lehigh University,Drop Out
romesh_t_wadhwani,1,Carnegie Mellon University,Doctorate
romesh_t_wadhwani,2,Carnegie Mellon University,Master of Science
romesh_t_wadhwani,3,"Indian Institute of Technology, Bombay",Bachelor of Arts/Science
ron_baron,1,Bucknell University,Bachelor of Arts/Science
ronald_clarke,1,Colby College,Bachelor of Arts/Science
ronald_clarke,2,Cornell University,Master of Business Administration
ronald_lauder,1,"University of Pennsylvania, The Wharton School",Bachelor of Arts/Science
ronald_perelman,1,University of Pennsylvania,Bachelor of Arts/Science
ronald_perelman,2,"University of Pennsylvania, The Wharton School",Master of Business Administration
ronald_wanek,1,High School,High School Graduate
ronda_stryker,1,University of Northern Colorado,Bachelor of Arts/Science
ronda_stryker,2,Western Michigan University,Master of Arts
ross_perot_jr,1,Vanderbilt University,Bachelor of Arts/Science
roy_carroll_ii,1,University of North Carolina at Greensboro,Drop Out
rupert_johnson_jr,1,Washington & Lee University,Bachelor of Arts/Science
rupert_murdoch,1,Oxford University,Bachelor of Arts/Science
rupert_murdoch,2,Oxford University,Master of Arts
ryan_graves,1,Miami University of Ohio,Bachelor of Arts/Science
ryan_smith,1,Brigham Young University,Bachelor of Science
s_curtis_johnson,1,Cornell University,Bachelor of Arts/Science
s_curtis_johnson,2,Kellogg School of Management,Master of Business Administration
safra_catz,1,University of Pennsylvania,Doctor of Jurisprudence
safra_catz,2,"University of Pennsylvania, The Wharton School",Bachelor of Arts/Science
sami_mnaymneh,1,Columbia University,Bachelor of Arts/Economics
sami_mnaymneh,2,Harvard Business School,Master of Business Administration
sami_mnaymneh,3,Harvard University,Doctor of Jurisprudence
sanjit_biswas,1,Massachusetts Institute of Technology,Master of Science
sanjit_biswas,2,Stanford University,Bachelor of Science
sara_blakely,1,Florida State University,Bachelor of Arts/Science
scott_cook,1,Harvard Business School,Master of Business Administration
scott_cook,2,University of Southern California,Bachelor of Arts/Science
scott_crabill,1,Stanford Graduate School of Business,Master of Business Administration
scott_crabill,2,Stanford University,Bachelor of Arts/Science
scott_duncan,1,Houston Community College,
scott_kapnick,1,The University of Chicago,Doctor of Jurisprudence
scott_kapnick,2,The University of Chicago,Master of Business Administration
scott_kapnick,3,Williams College,Bachelor of Arts/Economics
scott_nuttall,1,The Wharton School of the University of Pennsylvania,Bachelor of Science
scott_shleifer,1,"University of Pennsylvania, The Wharton School",Bachelor of Arts/Science
scott_smith,1,Brigham Young University,Bachelor of Arts/Science
scott_smith,2,Michigan State University,Master of Business Administration
scott_smith,3,Pennsylvania State University,Ph.D
scott_watterson,1,Utah State University,Bachelor of Science
sean_parker,1,High School,Diploma
sergey_brin,1,Stanford University,Master of Science
sergey_brin,2,"University of Maryland, College Park",Bachelor of Arts/Science
seth_klarman,1,Cornell University,Bachelor of Arts/Science
seth_klarman,2,Harvard University,Master of Business Administration
shahid_khan,1,"University of Illinois, Urbana-Champaign",Bachelor of Arts/Science
sheila_johnson,1,"University of Illinois, Urbana-Champaign",Bachelor of Arts/Science
sheryl_sandberg,1,Harvard Business School,Master of Business Administration
sheryl_sandberg,2,Harvard University,Bachelor of Arts/Science
sid_bass,1,Stanford University,Master of Business Administration
sid_bass,2,Yale University,Bachelor of Arts/Science
sidney_kimmel,1,Temple University,Drop Out
stanley_druckenmiller,1,Bowdoin College,Bachelor of Arts/Science
stanley_hubbard,1,University of Minnesota,Bachelor of Arts/Science
stanley_kroenke,1,"Robert J. Trulaske, Sr. College of Business",Master of Business Administration
stanley_kroenke,2,University of Missouri,Bachelor of Arts/Science
stanley_tang,1,Stanford University,Bachelor of Arts/Science
stefan_soloviev,1,University of Rhode Island,Drop Out
stephen_bisciotti,1,Salisbury State University,Bachelor of Arts/Science
stephen_cohen,1,Stanford University,Bachelor of Science
stephen_deckoff,1,Cornell University,Bachelor of Science
stephen_feinberg,1,Princeton University,Bachelor of Arts/Science
stephen_mandel_jr,1,Dartmouth College,Bachelor of Arts/Science
stephen_mandel_jr,2,Harvard University,Master of Business Administration
stephen_mandel_jr,3,Phillips Academy Exeter,Diploma
stephen_ross,1,New York University,Master of Laws
stephen_ross,2,University of Michigan,Bachelor of Arts/Science
stephen_ross,3,Wayne State University,Doctor of Jurisprudence
stephen_schwarzman,1,Harvard Business School,Master of Business Administration
stephen_schwarzman,2,Yale University,Bachelor of Arts/Science
stephen_winn,1,Stanford University,Master of Science
stephen_winn,2,The University of Texas at Austin,Bachelor of Arts/Science
steve_ballmer,1,Harvard University,Bachelor of Arts/Science
steve_ballmer,2,Stanford University,Drop Out
steve_case,1,Williams College,Bachelor of Arts/Science
steve_cohen,1,"University of Pennsylvania, The Wharton School",Bachelor of Arts/Science
steve_ells,1,Culinary Institute of America,Diploma
steve_ells,2,University of Colorado - Boulder,Bachelor of Arts
steve_wynn,1,University of Pennsylvania,Bachelor of Arts/Science
steven_conine,1,Cornell University,Bachelor of Science in Engineering
steven_klinsky,1,Harvard Business School,Master of Business Administration
steven_klinsky,2,Harvard Law School,Doctor of Jurisprudence
steven_klinsky,3,"University of Michigan, Ann Arbor",Bachelor of Arts/Economics
steven_rales,1,American University,Law Degree
steven_rales,2,DePauw University,Bachelor of Arts/Science
steven_sarowitz,1,"University of Illinois, Urbana-Champaign",Bachelor of Arts/Science
steven_schonfeld,1,Emory University,Bachelor of Arts/Science
steven_spielberg,1,California State Long Beach,Bachelor of Arts/Science
steven_udvar_hazy,1,"University of California, Los Angeles",Bachelor of Arts/Science
steven_witkoff,1,Hofstra University,Bachelor of Arts
steven_witkoff,2,Hofstra University,JD
stewart_rahr,1,New York University,Bachelor of Arts/Science
sue_gross,1,Saddleback College,Associate in Arts/Science
t_denny_sanford,1,University of Minnesota,Bachelor of Arts/Science
tamara_gustavson,1,University of Southern California,Bachelor of Arts/Science
taylor_swift,1,High School,Diploma
ted_turner,1,Brown University,Bachelor of Arts/Science
tench_coxe,1,Dartmouth College,Bachelor of Arts/Science
tench_coxe,2,Harvard Business School,Master of Business Administration
terrence_pegula,1,Pennsylvania State University,Bachelor of Science in Engineering
thai_lee,1,Amherst College,Bachelor of Arts/Science
thai_lee,2,Harvard Business School,Master of Business Administration
theresia_gouw,1,Brown University,Bachelor of Arts/Science
theresia_gouw,2,Stanford Graduate School of Business,Master of Business Administration
thierry_cruanes,1,Université de Caen Normandie,Master of Science
thierry_cruanes,2,University Paris VI - Pierre et Marie Curie,Ph.D
thomas_b_hagen,1,Ohio State University,Bachelor of Arts/Science
thomas_bailey,1,Michigan State University,Bachelor of Arts/Science
thomas_bailey,2,University of Western Ontario,Master of Business Administration
thomas_duff,1,University of Southern Mississippi,Bachelor of Arts/Science
thomas_frist_jr,1,Vanderbilt University,Bachelor of Arts/Science
thomas_frist_jr,2,Washington University,Medical Doctor
thomas_james,1,Harvard Business School,Master of Business Administration
thomas_james,2,Harvard University,Bachelor of Arts/Science
thomas_james,3,Stetson University,Doctor of Jurisprudence
thomas_peterffy,1,New York University,Drop Out
thomas_pritzker,1,Claremont McKenna College,Bachelor of Arts/Science
thomas_pritzker,2,University of Chicago,Doctor of Jurisprudence
thomas_pritzker,3,University of Chicago,Master of Business Administration
thomas_secunda,1,SUNY Binghamton,Bachelor of Arts/Science
thomas_siebel,1,"University of Illinois, Urbana-Champaign",Bachelor of Arts/Science
thomas_siebel,2,"University of Illinois, Urbana-Champaign",Master of Business Administration
thomas_siebel,3,"University of Illinois, Urbana-Champaign",Master of Science
thomas_steyer,1,Stanford University,Master of Business Administration
thomas_steyer,2,Yale University,Bachelor of Arts/Science
thomas_tull,1,Hamilton College,Bachelor of Arts/Science
tiger_woods,1,Stanford University,
tilman_fertitta,1,Texas Tech University,Drop Out
tilman_fertitta,2,University of Houston,Drop Out
tim_cook,1,Fuqua School of Business,Master of Business Administration
tim_sweeney,1,"University of Maryland, College Park",Bachelor of Arts/Science
timothy_boyle,1,University of Oregon,Bachelor of Arts/Science
timothy_dunn,1,Texas Tech University,Bachelor of Science in Engineering
timothy_headington,1,University of Oklahoma,Bachelor of Arts/Science
timothy_springer,1,Harvard University,Ph.D
timothy_springer,2,"University of California, Berkeley",Bachelor of Science
todd_boehly,1,College of William & Mary,Bachelor of Business Administration
todd_christopher,1,High School,Drop Out
todd_graves,1,The University Of Georgia,Bachelor of Arts/Science
todd_wagner,1,Indiana University,Bachelor of Arts/Science
todd_wagner,2,University of Virginia,Doctor of Jurisprudence
tom_ford,1,New York University,Drop Out
tom_ford,2,Parsons School of Design,Bachelor of Architecture
tom_golisano,1,SUNY Tech Alfred,Associate in Arts/Science
tom_gores,1,Michigan State University,Bachelor of Arts/Science
tom_preston_werner,1,Harvey Mudd College,Drop Out
tom_werner,1,Harvard University,Bachelor of Arts/Science
tony_tamer,1,Harvard Business School,Master of Business Administration
tony_tamer,2,Rutgers University,Bachelor of Arts/Science
tony_tamer,3,Stanford University,Master of Science in Engineering
tony_xu,1,Stanford Graduate School of Business,Master of Business Administration
tony_xu,2,"University of California, Berkeley",Bachelor of Arts/Science
tope_awotona,1,The University Of Georgia,Bachelor of Business Administration
travis_boersma,1,Southern Oregon University,Bachelor of Arts/Science
travis_kalanick,1,"University of California, Los Angeles",Drop Out
trevor_rees_jones,1,Dartmouth College,Bachelor of Arts/Science
trevor_rees_jones,2,Southern Methodist University,Doctor of Jurisprudence
trudy_cathy_white,1,Samford University,Bachelor of Arts/Science
ty_warner,1,Kalamazoo College,Drop Out
tyler_winklevoss,1,Harvard University,Bachelor of Arts/Economics
valerie_mars,1,Columbia University,Master of Business Administration
valerie_mars,2,Yale University,Bachelor of Arts/Science
victoria_mars,1,"University of Pennsylvania, The Wharton School",Master of Business Administration
victoria_mars,2,Yale University,Bachelor of Arts/Science
vincent_mcmahon,1,East Carolina University,Bachelor of Arts/Science
vincent_viola,1,New York Law School,Doctor of Jurisprudence
vincent_viola,2,United States Military Academy,Bachelor of Arts/Science
vinod_khosla,1,Carnegie Mellon University,Master of Science
vinod_khosla,2,Indian Institute of Technology,Bachelor of Arts/Science
vinod_khosla,3,Stanford Graduate School of Business,Master of Business Administration
vivek_ramaswamy,1,Harvard University,Bachelor of Arts/Science
vivek_ramaswamy,2,Yale University,Doctor of Jurisprudence
vlad_tenev,1,Stanford University,Bachelor of Arts/Science
warren_buffett,1,Columbia University,Master of Science
warren_buffett,2,University of Nebraska Lincoln,Bachelor of Arts/Science
warren_stephens,1,Wake Forest University School of Business,Master of Business Administration
warren_stephens,2,Washington & Lee University,Bachelor of Arts/Science
wayne_rothbaum,1,George Washington University,Master of Arts
wayne_rothbaum,2,State University of New York at Binghamton,Bachelor of Arts/Science
wayne_weaver,1,University of Florida,Bachelor of Science
weili_dai,1,"University of California, Berkeley",Bachelor of Arts/Science
wesley_edens,1,Oregon State University,Bachelor of Arts/Science
william_ackman,1,Harvard Business School,Master of Business Administration
william_ackman,2,Harvard University,Bachelor of Arts/Science
william_austin,1,High School,High School Graduate
william_berkley,1,Harvard University,Master of Business Administration
william_berkley,2,New York University,Bachelor of Arts/Science
william_conway_jr,1,Dartmouth College,Bachelor of Arts/Science
william_fisher,1,Princeton University,Bachelor of Arts/Science
william_fisher,2,Stanford University,Master of Business Administration
william_franke,1,Stanford University,Bachelor of Arts/Science
william_franke,2,Stanford University,LLB
william_goldring,1,Tulane University,Master of Arts
william_hockey,1,Emory University,Bachelor of Arts/Science
william_koch,1,Massachusetts Institute of Technology,Bachelor of Arts/Science
william_koch,2,Massachusetts Institute of Technology,Doctorate
william_lauder,1,University of Pennsylvania,Bachelor of Arts/Science
william_stone,1,Marquette University,Bachelor of Arts/Science
william_wrigley_jr,1,Duke University,Bachelor of Arts/Science
william_young,1,University of Detroit Mercy,Bachelor of Science in Engineering
wilma_tisch,1,Skidmore College,Bachelor of Arts/Science
winnie_johnson_marquart,1,Cornell University,Drop Out
