person,self_made_type,birth_date,city,state,marital_status,number_of_children,birth_country,self_made_score,birth_city,birth_state,philanthropy_score
a_jayson_adair,self-made,1969-10-16,Dallas,Texas,Married,2.0,United States,,,,
abel_avellan,self-made,1971-02-01,Coral Gables,Florida,,,Venezuela,,,,
abigail_bennett,inherited,1980-12-27,Rochester,New York,Married,2.0,,,,,
abigail_johnson,inherited and growing,1961-12-19,,,Married,2.0,United States,4.0,Boston,Massachusetts,1.0
adam_foroughi,self-made,1980-05-07,Truckee,California,Married,,Iran,8.0,,,1.0
adam_forste,self-made,1978-01-01,Wilson,Wyoming,Married,,,,,,
adam_neumann,self-made,1979-04-01,Miami,Florida,Married,6.0,,,,,
adam_norwitt,self-made,1969-06-17,Ridgefield,Connecticut,,,,,,,
adarsh_hiremath,self-made,2003-03-27,San Francisco,California,Single,,United States,,Sunnyvale,California,
adebayo_ogunlesi,self-made,1953-12-20,New York,New York,Married,2.0,Nigeria,,,,
aerin_lauder,inherited,1970-04-23,New York,New York,Married,2.0,United States,4.0,,,1.0
alain_wertheimer,inherited,1948-08-28,New York,New York,Married,3.0,France,,,,
alan_gerry,self-made,1928-12-25,Liberty,New York,Married,3.0,,,,,
alan_miller_1,self-made,1937-08-17,Lower Merion,Pennsylvania,Married,3.0,United States,,Brooklyn,New York,
alan_trefler,self-made,1956-03-10,Brookline,Massachusetts,Married,,,8.0,,,1.0
alan_zekelman,inherited and growing,1962-10-01,Bloomfield Hills,Michigan,,,,,,,
albert_chao,self-made,1949-07-15,Houston,Texas,,,,7.0,,,1.0
albert_nahmad,self-made,1940-10-15,Coral Gables,Florida,Married,2.0,Panama,8.0,,,
alec_gores,self-made,1953-03-18,Beverly Hills,California,Married,6.0,Israel,9.0,,,1.0
alejandro_santo_domingo,inherited and growing,1977-02-13,New York,New York,Married,,United States,3.0,New York,New York,1.0
alex_behring,self-made,1967-02-20,Greenwich,Connecticut,Married,,Brazil,,,,
alex_shevchenko,self-made,1980-01-01,San Francisco,California,,,Ukraine,,,,
alexander_karp,self-made,1967-10-01,Lyman,New Hampshire,Single,,,8.0,,,1.0
alexandr_wang,self-made,1997-01-19,San Francisco,California,Single,,United States,,Los Alamos,New Mexico,
alexandra_daitch,inherited,1963-01-01,Old Lyme,Connecticut,Married,1.0,,1.0,,,
alexis_le_quoc,self-made,1974-11-14,New York,New York,Married,1.0,France,8.0,,,
alfred_west_jr,self-made,1942-12-07,Paoli,Pennsylvania,Married,3.0,,,,,
ali_ghodsi,self-made,1978-12-08,San Francisco,California,Married,,,,,,
alice_walton,inherited,1949-10-07,Fort Worth,Texas,Divorced,,United States,1.0,Newport,Arkansas,2.0
aman_sanger,self-made,2000-06-22,San Francisco,California,,,,,,,
amos_hostetter_jr,self-made,1937-01-12,Boston,Massachusetts,Married,3.0,United States,7.0,Boston,Massachusetts,5.0
amy_adams_strunk,inherited and growing,1955-09-29,Nashville,Tennessee,"Widowed, Remarried",3.0,United States,,Houston,,
amy_wyss,inherited,1971-01-01,Wilson,Wyoming,,,,2.0,,,2.0
andreas_halvorsen,self-made,1961-04-23,Darien,Connecticut,Married,3.0,Norway,,,,
andreas_von_bechtolsheim,self-made,1955-09-30,Palo Alto,California,Single,,Germany,,,,
andres_santo_domingo,inherited,1978-06-01,New York,New York,Married,2.0,United States,3.0,New York,New York,1.0
andrew_beal,self-made,1952-11-29,Dallas,Texas,Divorced,6.0,,8.0,,,1.0
andrew_bialecki,self-made,1985-10-01,Boston,Massachusetts,,,,,,,
andrew_cherng_1,self-made,1947-05-02,Las Vegas,Nevada,Married,3.0,China,9.0,,,1.0
andrew_karam,self-made,1982-02-12,Menlo Park,California,,,,7.0,,,1.0
andrew_macmillan,inherited,1987-10-01,Wellington,Florida,,,,,,,
andrew_tisch,inherited and growing,1949-08-15,New York,New York,Married,4.0,United States,,,,
andy_fang,self-made,1992-06-21,Monte Vista,California,,,,,,,
andy_konwinski,self-made,1983-10-01,Berkeley,California,Married,2.0,,,,,
andy_mills,inherited and growing,1961-04-01,Highland Park,Illinois,,,,,,,
aneel_bhusri,self-made,1966-02-04,San Francisco,California,Married,2.0,United States,8.0,,,1.0
anita_zucker,inherited and growing,1952-01-19,Charleston,South Carolina,Widowed,3.0,,3.0,,,2.0
ankur_jain,self-made,1990-02-10,New York,New York,Married,,,,,,
ann_walton_kroenke,inherited,1948-12-18,Electra,Texas,Married,2.0,,1.0,,,1.0
anne_dinning,self-made,1963-01-02,New York,New York,Single,,United States,6.0,,,
anne_pedrero,inherited,1969-03-01,San Francisco,California,Married,,,,,,
annette_lerner,inherited,1930-02-27,Chevy Chase,Maryland,Widowed,3.0,,1.0,,,1.0
anthony_casalena,self-made,1982-04-24,Monkton,Maryland,Single,,United States,,Baltimore,,
anthony_pritzker,inherited,1961-01-07,Los Angeles,California,Divorced,6.0,,3.0,,,3.0
anthony_wood,self-made,1965-12-04,Palo Alto,California,Married,3.0,United Kingdom,8.0,,,1.0
antonio_gracias,self-made,1970-11-06,Chicago,Illinois,Divorced,3.0,United States,,,,
antony_ressler,self-made,1960-10-12,Los Angeles,California,Married,3.0,,8.0,,,1.0
april_goh,inherited,1991-01-01,New York,New York,,,,,,,
aravind_srinivas,self-made,1994-06-01,San Francisco,California,Single,,,,,,
archie_aldis_emmerson,self-made,1929-04-10,Redding,California,Married,3.0,,9.0,,,2.0
arnold_schwarzenegger,self-made,1947-07-30,Los Angeles,California,Divorced,5.0,,,,,
art_levinson,self-made,1950-03-31,Hillsborough,California,,,,,,,
arthur_blank,self-made,1942-09-27,Atlanta,Georgia,Divorced,6.0,United States,9.0,,New York,3.0
arthur_dantchik,self-made,1957-11-25,Gladwyne,Pennsylvania,Single,,United States,8.0,Brooklyn,New York,2.0
arthur_levine,self-made,1951-09-28,Miami,Florida,Married,3.0,,,,,
arturo_moreno,self-made,1946-08-14,Phoenix,Arizona,Married,3.0,,8.0,,,1.0
arvid_lunnemark,self-made,1999-11-03,San Francisco,California,In Relationship,,Sweden,,Malmö,,
assaf_rappaport,self-made,1983-08-28,New York,New York,In Relationship,,Israel,,Tel Aviv,,
august_troendle,self-made,1956-01-01,Cincinnati,Ohio,,,United States,,,,
austen_cargill_ii,inherited,1951-03-09,Livingston,Montana,Divorced,2.0,,1.0,,,1.0
avram_glazer,inherited and growing,1960-10-15,Palm Beach,Florida,,,,,,,
axel_stawski,self-made,1950-11-14,Sagaponack,New York,Married,,Germany,,,,
b_wayne_hughes_jr,inherited,1959-05-27,Jackson,Wyoming,Married,,,,,,
baiju_bhatt,self-made,1985-01-01,Palo Alto,California,Married,1.0,United States,8.0,,,1.0
barbara_banke_1,self-made,1953-08-01,Geyserville,California,Widowed,3.0,,8.0,,,
barbara_tyson,inherited,1949-03-06,Fayetteville,Arkansas,Widowed,,,3.0,,,1.0
barry_bentley,self-made,1956-04-15,Elverson,Pennsylvania,,,,,,,
barry_diller,self-made,1942-02-02,New York,New York,Married,,United States,9.0,San Francisco,California,4.0
barry_sternlicht,self-made,1960-11-27,Miami,Florida,Divorced,3.0,,8.0,,,2.0
behdad_eghbali,self-made,1976-05-06,Los Angeles,California,Married,,Iran,8.0,,,
ben_ashkenazy,self-made,1969-09-23,New York,New York,Married,3.0,Israel,8.0,,,2.0
ben_chestnut,self-made,1974-06-15,Atlanta,Georgia,Married,2.0,,8.0,,,1.0
ben_lamm,self-made,1981-12-04,Dallas,Texas,Married,1.0,,,,,
ben_navarro,self-made,1962-11-02,Charleston,South Carolina,,,,,,,
ben_silbermann,self-made,1982-07-14,San Francisco,California,Married,2.0,,8.0,,,
bennett_dorrance,inherited,1946-02-09,Paradise Valley,Arizona,Married,2.0,,2.0,,,2.0
bennett_rosenthal,self-made,1963-09-24,Los Angeles,California,Married,,,,,,
benoit_dageville,self-made,1966-06-29,San Carlos,California,Married,2.0,France,,Antibes,,
bernard_saul_ii,inherited and growing,1932-04-15,Chevy Chase,Maryland,Married,5.0,,5.0,,,1.0
bert_beveridge,self-made,1962-01-01,Austin,Texas,Married,3.0,,8.0,,,1.0
beyonce_knowles_carter,self-made,1981-09-04,,,Married,3.0,United States,8.0,"Houston, TX",Texas,
bharat_desai,self-made,1952-11-20,Fisher Island,Florida,Married,2.0,Kenya,8.0,,,
bill_alfond,inherited,1948-05-16,Boston,Massachusetts,Married,3.0,,1.0,,,2.0
bill_austin,self-made,1942-02-25,Brownsville,Texas,Married,3.0,,9.0,,,1.0
bill_cummings,self-made,1937-03-11,Winchester,Massachusetts,Married,4.0,,,,,
bill_gates,self-made,1955-10-28,Medina,Washington,Divorced,3.0,United States,8.0,Seattle,Washington,5.0
bill_gross,self-made,1944-04-13,Laguna Beach,California,Divorced,3.0,,8.0,,,
bill_haslam,inherited,1958-08-23,Knoxville,Tennessee,Married,3.0,United States,3.0,Knoxville,Tennessee,1.0
bob_muglia,self-made,1959-10-02,Mercer Island,Washington,Married,1.0,United States,,Manchester,Connecticut,
bob_parsons,self-made,1950-11-27,Scottsdale,Arizona,Married,,,10.0,Baltimore,,3.0
bobby_murphy,self-made,1988-07-19,Venice,California,Single,,,8.0,,,1.0
brad_jacobs,self-made,1956-07-01,Greenwich,Connecticut,Married,4.0,,8.0,,,
brad_kelley,self-made,1956-12-23,Franklin,Tennessee,Married,3.0,,9.0,,,
brad_keywell,self-made,1969-10-27,Nashville,Tennessee,Divorced,2.0,,8.0,,,
brannin_mcbee,self-made,1985-03-26,Bozeman,Montana,,,,,,,
brendan_foody,self-made,2003-04-02,San Francisco,California,Single,,United States,,Menlo Park,California,
bret_taylor,self-made,1980-07-10,San Francisco,California,,,,,,,
brett_adcock,self-made,1986-04-06,Palo Alto,California,Married,2.0,United States,,,,
brett_hildebrand,self-made,1962-01-01,Charleston,South Carolina,,,,,,,
brian_acton,self-made,1972-02-17,Palo Alto,California,Married,1.0,United States,8.0,,,4.0
brian_armstrong,self-made,1983-01-25,San Francisco,California,,,,8.0,,,
brian_chesky,self-made,1981-08-29,San Francisco,California,Single,,United States,8.0,,,2.0
brian_higgins,self-made,1965-02-08,New York,New York,,,,,,,
brian_roberts,inherited and growing,1959-06-28,Philadelphia,Pennsylvania,Married,3.0,United States,,Philadelphia,Pennsylvania,
brian_venturo,self-made,1984-10-21,Cedar Grove,New Jersey,,,,8.0,,,1.0
bruce_beal_jr,self-made,1970-02-01,New York,New York,Married,,United States,,,,
bruce_karsh,self-made,1955-10-10,Los Angeles,California,Married,3.0,,8.0,,,3.0
bruce_kovner,self-made,1945-02-25,New York,New York,Married,3.0,,9.0,,,2.0
bruce_springsteen,self-made,1949-09-23,Colts Neck,New Jersey,Married,3.0,United States,,Long Branch,New Jersey,
bruce_toll,self-made,1943-04-29,Palm Beach,Florida,,,,,,,
bryan_glazer,inherited and growing,1964-10-15,Chicago,Illinois,,,,,,,
bubba_cathy,inherited and growing,1954-04-22,Atlanta,Georgia,Married,6.0,United States,4.0,,,1.0
byron_trott,self-made,1958-12-02,Winnetka,Illinois,Married,,United States,9.0,,,2.0
c_dean_metropoulos,self-made,1946-05-05,Palm Beach,Florida,Married,2.0,Greece,8.0,,,1.0
cameron_winklevoss,self-made,1981-08-21,New York,New York,,,,7.0,,,1.0
cargill_macmillan_iii,inherited,1959-12-21,Boulder,Colorado,,2.0,,,,,
carl_cook,inherited and growing,1962-08-19,Bloomington,Indiana,Married,,,3.0,,,1.0
carl_icahn,self-made,1936-02-16,Indian Creek,Florida,Married,2.0,,9.0,,,3.0
carl_thoma,self-made,1948-10-12,Dallas,Texas,Married,2.0,United States,8.0,Roswell,New Mexico,2.0
carlie_irsay_gordon,inherited and growing,1981-02-16,Indianapolis,Indiana,Married,3.0,,,,,
carson_brice,inherited and growing,1967-10-01,Raleigh,North Carolina,Married,3.0,,,,,
caryn_seidman_becker,self-made,1972-09-18,New York,New York,Married,,,8.0,,,
casey_foyt,inherited and growing,1983-02-10,Carmel,Indiana,Married,5.0,,,,,
catherine_commisso_family,inherited,1958-02-26,Saddle River,New Jersey,Widowed,2.0,,,,,
catherine_malone,inherited,1984-12-01,Wellington,Florida,,,,,,,
chad_richison,self-made,1970-10-10,Edmond,Oklahoma,Married,4.0,,9.0,,,2.0
charles_b_johnson,inherited and growing,1933-01-06,Palm Beach,Florida,Married,6.0,,5.0,,,3.0
charles_bronfman,inherited and growing,1931-06-27,Palm Beach,Florida,"Widowed, Remarried",2.0,,,,,
charles_butt,inherited and growing,1938-02-03,San Antonio,Texas,Single,,,5.0,,,4.0
charles_ergen,self-made,1953-03-01,Denver,Colorado,Married,5.0,,8.0,,,1.0
charles_koch,inherited and growing,1935-11-01,Wichita,Kansas,Married,2.0,United States,5.0,Wichita,Kansas,2.0
charles_liang,self-made,1958-01-01,San Jose,California,Married,,Taiwan,,,,
charles_schwab,self-made,1937-07-29,Woodside,California,Married,5.0,,8.0,,,3.0
charles_simonyi,self-made,1948-09-10,Medina,Washington,Married,2.0,Hungary,6.0,,,2.0
charles_zegar,self-made,1948-02-29,New York,New York,Married,,,9.0,,,2.0
charlie_mills,inherited and growing,1961-09-01,Winnetka,Illinois,,,,,,,
charlotte_colket_weber,inherited,1942-11-19,Hobe Sound,Florida,Divorced,4.0,,,,,
chase_coleman_iii,self-made,1975-06-21,New York,New York,Married,,,7.0,,,2.0
chen_tei_fu,self-made,1948-04-19,Los Angeles,California,Married,5.0,Taiwan,,Jiayi,,
chris_larsen,self-made,1960-06-15,San Francisco,California,Married,2.0,United States,8.0,San Francisco,California,2.0
chris_wanstrath,self-made,1985-03-18,San Francisco,California,Single,,,,,,
christian_chabot,self-made,1972-01-23,Seattle,Washington,,,,,,,
christina_rohde,inherited,1975-06-06,Marco Island,Florida,,,,,,,
christopher_goldsbury,inherited and growing,1943-01-01,San Antonio,Texas,Married,1.0,,,,,
christopher_macmillan,inherited,1985-07-01,Jupiter,Florida,,,,,,,
christopher_olah,self-made,1992-06-01,San Francisco,California,,,,,,,
christopher_stolte,self-made,1972-12-06,Seattle,Washington,Married,2.0,,,,,
christy_walton,inherited,1949-02-08,Jackson,Wyoming,Widowed,1.0,,1.0,,,1.0
claire_bristow,inherited and growing,1966-10-15,Raleigh,North Carolina,Married,,,,,,
clark_hunt,inherited and growing,1965-02-15,Dallas,Texas,,,,,,,
claudio_del_vecchio,inherited,1957-02-26,Muttontown,New York,Married,3.0,Italy,,Borgo Valsugana,,
clay_bavor,self-made,1982-09-01,San Francisco,California,,,,,,,
clifford_asness,self-made,1966-10-17,Greenwich,Connecticut,Married,4.0,,8.0,,,2.0
craig_abod,self-made,1963-07-01,Great Falls,Virginia,Married,,,,,,
craig_mccaw,inherited and growing,1949-08-11,Hunts Point,Washington,Married,3.0,,5.0,,,
dagmar_dolby,inherited,1941-06-28,San Francisco,California,Widowed,2.0,Germany,1.0,,,4.0
dan_cathy,inherited and growing,1953-03-01,Atlanta,Georgia,Married,2.0,United States,4.0,,,1.0
dan_friedkin,inherited and growing,1965-02-27,Houston,Texas,Married,4.0,,4.0,,,3.0
dan_kurzius,self-made,1971-12-01,Atlanta,Georgia,Married,2.0,,9.0,,,1.0
dan_snyder,self-made,1964-11-23,Potomac,Maryland,Married,3.0,,8.0,,,2.0
dan_wilks,self-made,1956-05-30,Cisco,Texas,Married,6.0,United States,,Gorman,Texas,
daniel_calugar,self-made,1954-01-01,Las Vegas,Nevada,,,United States,,Warren,Ohio,
daniel_daniello,self-made,1946-09-14,Vienna,Virginia,Married,2.0,,10.0,,,2.0
daniel_dines,self-made,1972-01-01,New York,New York,Married,1.0,Romania,,Ia&#537;i,,
daniel_gilbert,self-made,1962-01-17,Franklin,Michigan,Divorced,5.0,,8.0,,,2.0
daniel_hirschfeld,inherited and growing,1941-05-31,Kearney,Nebraska,Married,3.0,,,,,
daniel_hunt,inherited and growing,1976-11-15,Dallas,Texas,,,,,,,
daniel_loeb,self-made,1961-12-18,New York,New York,Married,,,7.0,,,2.0
daniel_lubetzky,self-made,1968-09-28,New York,New York,Married,4.0,Mexico,,Mexico City,,
daniel_macmillan,inherited,1983-02-01,Fort Lauderdale,Florida,,,,,,,
daniel_nadler,self-made,1983-06-03,Surfside,Florida,In Relationship,,Canada,8.0,Toronto,,
daniel_och,self-made,1961-01-27,Miami Beach,Florida,Married,3.0,United States,7.0,,New Jersey,3.0
daniel_pritzker,inherited,1959-09-15,Marin County,California,Married,5.0,,1.0,,,2.0
daniel_sundheim,self-made,1977-03-29,New York,New York,Married,,,8.0,,,1.0
daniel_ziff,inherited,1971-11-02,New York,New York,Married,4.0,,4.0,,,1.0
daniela_amodei,self-made,1987-08-01,,,Married,2.0,,8.0,,,
dannine_avara,inherited,1964-03-09,Houston,Texas,Married,,,1.0,,,1.0
danny_harris,self-made,1972-05-15,Los Angeles,California,Married,4.0,,,,,
darcie_glazer_kassewitz,inherited and growing,1968-06-15,Palm Beach,Florida,,,,,,,
dario_amodei,self-made,1983-01-01,San Francisco,California,,,,,,,
david_adelman,self-made,1972-03-11,Haverford,Pennsylvania,Married,2.0,,,,,
david_baszucki,self-made,1963-01-20,San Francisco,California,Married,4.0,Canada,8.0,,,2.0
david_blitzer,self-made,1969-09-07,New York,New York,Married,5.0,United States,,Scotch Plains,New Jersey,
david_booth,self-made,1946-01-01,Austin,Texas,Married,,United States,,,Kansas,
david_cheriton,self-made,1951-03-29,Palo Alto,California,Divorced,4.0,Canada,,,,
david_dean_halbert,self-made,1955-12-19,Colleyville,Texas,Married,3.0,United States,7.0,Abilene,Texas,2.0
david_duffield,self-made,1940-09-21,Incline Village,Nevada,Married,10.0,United States,8.0,Ho-Ho-Kus,New Jersey,3.0
david_filo,self-made,1966-04-15,Palo Alto,California,Married,1.0,United States,8.0,,Michigan,3.0
david_geffen,self-made,1943-02-21,Beverly Hills,California,Separated,,United States,9.0,Brooklyn,New York,3.0
david_golub,self-made,1962-04-16,New York ,New York,,,United States,7.0,,,
david_grain,self-made,1962-05-31,Washington,District of Columbia,,,,,,,
david_hindawi,self-made,1944-12-08,Seattle,Washington,Married,2.0,Iraq,,,,
david_hoffmann,self-made,1952-08-07,Naples,Florida,Married,,United States,10.0,Washington,Missouri,
david_humphreys,inherited and growing,1956-11-01,Joplin,Missouri,,,,,,,
david_kabiller,self-made,1963-07-02,Greenwich,Connecticut,Single,,,8.0,,,
david_kaplan,self-made,1967-08-29,Los Angeles,California,Married,,,,,,
david_lichtenstein,self-made,1961-11-21,Monsey,New York,Married,,United States,9.0,Brooklyn,New York,
david_macmillan,inherited,1954-11-01,Ketchum,Idaho,,,,,,,
david_macneil,self-made,1959-03-29,Fort Lauderdale,Florida,Married,3.0,Canada,,,,
david_paul,self-made,1966-12-25,Audubon,Pennsylvania,Married,,India,8.0,,,
david_rubenstein,self-made,1949-08-11,Bethesda,Maryland,Divorced,3.0,,9.0,,,4.0
david_shaw,self-made,1951-03-29,New York,New York,Married,3.0,,8.0,,,2.0
david_siegel_1,self-made,1961-07-15,Scarsdale,New York,Married,,,8.0,,,2.0
david_steward,self-made,1951-07-02,St. Louis,Missouri,Married,,,10.0,,,2.0
david_sun,self-made,1951-10-12,Irvine,California,Married,2.0,Taiwan,10.0,Tai-Chung,,1.0
david_tepper,self-made,1957-09-11,Palm Beach,Florida,Married,3.0,,8.0,,,2.0
david_walentas,self-made,1938-08-07,New York,New York,Widowed,1.0,United States,10.0,Rochester,New York,1.0
david_zalik,self-made,1974-02-02,Atlanta,Georgia,Married,3.0,Israel,8.0,,,3.0
dean_solon,self-made,1965-01-01,Gallatin,Tennessee,Married,,United States,10.0,,,
denise_prenosil,inherited,1960-01-01,Gibsonia,Pennsylvania,Divorced,,,,,,
denise_york,inherited,1950-10-21,Youngstown,Ohio,Married,4.0,,3.0,,,1.0
dennis_gillings,self-made,1944-04-25,Durham,North Carolina,,,,,,,
dennis_washington,self-made,1934-07-27,Missoula,Montana,Married,2.0,,10.0,,,3.0
derek_stevens,inherited and growing,1967-09-01,Las Vegas,Nevada,Married,,United States,,Grosse Point,Michigan,
diane_hendricks,self-made,1947-03-02,Afton,Wisconsin,Widowed,7.0,,9.0,,,1.0
dick_portillo,self-made,1939-10-28,Naples,Florida,Married,3.0,United States,10.0,Chicago,Illinois,
dick_wolf_1,self-made,1946-12-20,Montecito,California,Divorced,5.0,United States,,New York City,New York,
dirk_ziff,inherited,1964-04-01,North Palm Beach,Florida,Married,2.0,,4.0,,,1.0
don_ahern,inherited and growing,1953-10-01,Las Vegas,Nevada,Married,,,,,,
don_hankey,self-made,1943-06-13,Las Vegas,Nevada,Married,4.0,United States,7.0,,California,1.0
don_levin,self-made,1951-10-02,Glenview,Illinois,Married,1.0,United States,,Chicago,,
don_vultaggio,self-made,1952-02-26,Port Washington,New York,Married,2.0,,10.0,,,1.0
donald_bren,self-made,1932-05-11,Newport Beach,California,Married,7.0,,8.0,,,3.0
donald_friese,self-made,1940-10-03,Los Angeles,California,Married,,,10.0,,,
donald_macmillan,inherited,1970-03-01,Wayzata,Minnesota,,,,,,,
donald_newhouse,inherited and growing,1929-08-05,New York,New York,Widowed,3.0,United States,5.0,New York,New York,2.0
donald_sterling,self-made,1934-04-26,Beverly Hills,California,Married,3.0,,8.0,,,1.0
donald_trump,inherited and growing,1946-06-14,Palm Beach,Florida,Married,5.0,United States,4.0,New York,New York,1.0
doris_fisher,self-made,1931-08-23,San Francisco,California,Widowed,3.0,,7.0,,,2.0
dorothy_chao_jenkins,inherited,1945-09-15,Lakeland,Florida,,,,2.0,,,1.0
doug_meijer,inherited and growing,1954-01-22,Grand Rapids,Michigan,Divorced,1.0,,3.0,,,1.0
doug_ostrover,self-made,1962-06-08,Greenwich,Connecticut,Married,4.0,,,,,
douglas_leone,self-made,1957-07-04,Atherton,California,Married,4.0,Italy,9.0,Genoa,,2.0
douglas_rippel,self-made,1966-07-01,Maize,Kansas,,,,,,,
dr_dre,self-made,1965-02-18,Los Angeles,California,Married,5.0,United States,10.0,,California,
drayton_mclane_jr,inherited and growing,1936-07-22,Temple,Texas,Married,2.0,United States,5.0,Cameron,Texas,2.0
drew_houston,self-made,1983-03-04,San Francisco,California,Single,,United States,8.0,Acton,Massachusetts,
duke_reyes,inherited and growing,1957-03-23,Palm Beach,Florida,Married,,,,,,
duncan_macmillan,self-made,1937-12-17,Princeton,New Jersey,Married,2.0,,,,,
dustin_moskovitz,self-made,1984-05-22,San Francisco,California,Married,,United States,8.0,Gainesville,Florida,5.0
dwight_schar,self-made,1942-02-08,Palm Beach,Florida,Married,3.0,,,,,
dylan_field,self-made,1992-03-23,San Francisco,California,Married,1.0,United States,,Petaluma,California,
e_joe_shoen,inherited and growing,1949-10-28,Phoenix,Arizona,Married,,United States,5.0,,,
ed_park,self-made,1975-01-01,West Newton,Massachusetts,,,,,,,
edir_macedo,self-made,1945-01-01,Atlanta,Georgia,Married,3.0,,,,,
eduardo_vivas,self-made,1985-10-01,Palo Alto,California,Married,,,9.0,,,1.0
edward_bass,inherited and growing,1945-09-10,Fort Worth,Texas,Married,1.0,,4.0,,,3.0
edward_debartolo_jr,inherited and growing,1946-11-06,Tampa,Florida,Married,3.0,,5.0,,,2.0
edward_glazer,inherited and growing,1969-12-15,Beverly Hills,California,,,,,,,
edward_johnson_iv,inherited,1964-11-18,Boston,Massachusetts,,,,2.0,,,2.0
edward_lampert,self-made,1962-07-19,Miami Beach,Florida,Married,3.0,,9.0,,,
edward_roski_jr,inherited and growing,1938-12-25,Los Angeles,California,Widowed,3.0,United States,5.0,,California,1.0
edward_stack,inherited and growing,1954-12-27,Sewickley,Pennsylvania,Married,,,5.0,,,1.0
edwin_chen,self-made,1987-12-01,New York,New York,,,United States,9.0,Crystal River,Florida,1.0
edythe_broad,inherited,1936-01-01,Los Angeles,California,Widowed,2.0,,1.0,,,5.0
egon_durban,self-made,1973-08-23,Atherton,California,Married,3.0,Germany,,,,
elaine_marshall,inherited,1942-07-22,Dallas,Texas,,2.0,United States,2.0,,,1.0
eleanor_butt_crook,inherited,1932-07-21,San Marcos,Texas,Widowed,3.0,United States,1.0,,,3.0
elisabeth_deluca,inherited,1947-07-25,Pompano Beach,Florida,Widowed,1.0,Germany,2.0,,,2.0
elizabeth_johnson,inherited,1963-05-07,Boston,Massachusetts,,,,1.0,,,2.0
elizabeth_uihlein,self-made,1945-07-07,Lake Forest,Illinois,Married,3.0,United States,7.0,Lake Forest,Illinois,2.0
elon_musk,self-made,1971-06-28,Austin,Texas,Divorced,14.0,South Africa,8.0,,,1.0
eren_ozmen,self-made,1958-09-03,Reno,Nevada,Married,2.0,Turkey,9.0,,,1.0
eric_glyman,self-made,1990-05-01,New York,New York,,,,,,,
eric_lefkofsky,self-made,1969-09-02,Glencoe,Illinois,Married,3.0,,8.0,,,2.0
eric_schmidt,self-made,1955-04-27,Atherton,California,Married,2.0,United States,6.0,Washington,District of Columbia,3.0
eric_smidt,self-made,1960-01-01,Beverly Hills,California,Married,,United States,10.0,Los Angeles,California,1.0
eric_yuan,self-made,1970-02-20,Santa Clara,California,Married,3.0,China,8.0,Tai'an,,1.0
ernest_garcia_ii,self-made,1957-05-21,Tempe,Arizona,Married,,United States,9.0,,New Mexico,1.0
ernest_garcia_iii,inherited and growing,1982-05-01,Phoenix,Arizona,,,,5.0,,,1.0
evan_spiegel,self-made,1990-06-04,Los Angeles,California,Married,3.0,,8.0,,,2.0
evan_williams,self-made,1972-03-31,San Francisco,California,Married,2.0,United States,9.0,Clarks,Nebraska,2.0
farhad_ebrahimi,self-made,1939-01-01,Denver,Colorado,Married,2.0,,,,,
farris_wilks,self-made,1952-02-09,Cisco,Texas,Married,11.0,United States,,Gorman,Texas,
fatih_ozmen,self-made,1958-02-02,Reno ,Nevada,Married,,Turkey,9.0,,,1.0
felix_baker,self-made,1969-03-29,New York,New York,,,,,,,
fernando_de_leon,self-made,1978-10-01,Dallas,Texas,Married,4.0,United States,10.0,,Texas,
forrest_preston,self-made,1933-03-22,Cleveland,Tennessee,Married,4.0,,8.0,,,
frank_fertitta_iii,inherited and growing,1962-02-24,Las Vegas,Nevada,Married,3.0,,5.0,,,2.0
frank_holding_jr,inherited and growing,1961-07-01,Raleigh,North Carolina,Married,,,,,,
frank_laukien,inherited and growing,1960-02-04,Boston,Massachusetts,Married,,Germany,5.0,,,
frank_love,inherited,1969-04-01,Oklahoma City,Oklahoma,Married,2.0,United States,,,,
frank_mccourt,self-made,1953-08-14,Wellington,Florida,,,,,,,
frank_slootman,self-made,1958-10-03,Pleasanton,California,Married,2.0,Netherlands,6.0,Huizen,,
frank_vandersloot,self-made,1948-08-14,Idaho Falls,Idaho,Married,14.0,United States,10.0,,Idaho,3.0
fred_ehrsam,self-made,1988-05-10,San Francisco,California,,,,8.0,,,
frederic_luddy,self-made,1954-11-24,San Diego,California,Single,1.0,United States,,,,
gabe_newell,self-made,1962-11-03,Seattle,Washington,Divorced,2.0,,8.0,,,1.0
gail_miller,self-made,1943-10-14,Salt Lake City,Utah,"Widowed, Remarried",5.0,,7.0,,,2.0
garrett_camp,self-made,1978-10-04,San Francisco,California,In Relationship,,Canada,,Calgary,Alberta,
gary_chouest,inherited and growing,1944-07-28,Cut Off,Louisiana,Married,5.0,United States,,Bay St. Louis,Mississippi,
gary_magness,inherited,1954-02-26,Denver,Colorado,Married,3.0,,,,,
gary_michelson,self-made,1949-01-14,Los Angeles,California,Married,1.0,,9.0,,,
gary_rollins,inherited and growing,1944-08-30,Atlanta,Georgia,Divorced,4.0,,3.0,,,2.0
gary_tharaldson,self-made,1945-10-17,Fargo,North Dakota,Married,6.0,,,,,
gayle_benson,inherited,1947-01-26,New Orleans,Louisiana,Widowed,,United States,1.0,New Orleans,Louisiana,2.0
gene_lee,self-made,1991-03-08,New York,New York,,,,,,,
geoffrey_palmer,self-made,1950-05-11,Beverly Hills,California,Married,,United States,8.0,Los Angeles,California,1.0
george_argyros,self-made,1937-02-04,Newport Beach,California,Married,3.0,United States,9.0,Detroit,Michigan,3.0
george_bishop,self-made,1937-10-06,The Woodlands,Texas,Married,,,7.0,,,1.0
george_christ,self-made,1955-01-01,Paradise Valley,Arizona,,,,,,,
george_joseph,self-made,1921-09-11,Los Angeles,California,Married,5.0,United States,,Beckley,West Virginia,
george_kaiser,inherited and growing,1942-07-29,Tulsa,Oklahoma,Married,3.0,,5.0,,,4.0
george_kurtz,self-made,1970-10-01,Paradise Valley,Arizona,Married,2.0,,8.0,,,1.0
george_lucas,self-made,1944-05-14,San Anselmo,California,Married,4.0,United States,8.0,Modesto,California,4.0
george_marcus,self-made,1941-08-15,Los Altos Hills,California,,4.0,Greece,,Euboea,,
george_roberts,self-made,1943-09-14,Atherton,California,"Widowed, Remarried",3.0,United States,8.0,Houston,Texas,2.0
george_soros,self-made,1930-08-12,Katonah,New York,Married,5.0,Hungary,10.0,,,5.0
george_yancopoulos,self-made,1959-09-10,Yorktown Heights,New York,Divorced,2.0,,,,,
gerald_ford,self-made,1944-08-04,Dallas,Texas,Married,6.0,United States,9.0,Pampa,Texas,2.0
gerard_wertheimer_1,inherited,1951-01-09,New York,New York,Married,2.0,,,,,
gerry_cardinale,self-made,1967-05-01,Palm Beach,Florida,,,,,,,
gina_vecchiarelli,inherited,1961-09-01,Indian Hills,Colorado,,,,,,,
glen_taylor,self-made,1941-04-20,Mankato,Minnesota,Married,5.0,,9.0,,,1.0
glenn_dubin,self-made,1957-04-13,New York,New York,Married,3.0,,9.0,,,4.0
gloria_joseph,inherited,1924-01-01,Los Angeles,California,,,,,,,
gordon_getty,inherited,1933-12-20,San Francisco,California,Widowed,7.0,United States,2.0,San Francisco,California,3.0
greg_abel,self-made,1962-06-01,Des Moines,Iowa,,,,,,,
greg_brown,self-made,1960-08-15,Barrington,Illinois,Married,,,,,,
greg_love,inherited,1961-10-01,Oklahoma City,Oklahoma,Married,3.0,,,,,
greg_mondre,self-made,1974-05-20,New York,New York,Married,,,,,,
gregg_hymowitz,self-made,1965-11-16,New York,New York,Married,6.0,United States,,Brooklyn,New York,
gregory_bentley,self-made,1955-05-12,Coatesville,Pennsylvania,,,,,,,
gwendolyn_sontheim_meyer,inherited,1961-10-27,Rancho Santa Fe,California,Divorced,2.0,,1.0,,,1.0
gwynne_shotwell,self-made,1963-11-23,Jonesboro,Texas,Married,2.0,United States,6.0,Evanston,Illinois,
h_fisk_johnson,inherited and growing,1958-05-19,Racine,Wisconsin,Divorced,1.0,,3.0,,,2.0
h_ross_perot_jr,inherited and growing,1958-11-07,Dallas,Texas,Married,4.0,United States,4.0,Dallas,Texas,2.0
haim_saban,self-made,1944-10-15,Beverly Hills,California,Married,4.0,Egypt,9.0,,,3.0
hal_steinbrenner,inherited and growing,1968-12-03,Tampa,Florida,Married,1.0,,,,,
hamdi_ulukaya,self-made,1972-10-26,Norwich,New York,Married,,Turkey,,,,
hamilton_james,self-made,1951-08-03,New York,New York,Married,3.0,,6.0,,,2.0
hank_meijer,inherited and growing,1952-02-15,Grand Rapids,Michigan,Married,3.0,,3.0,,,1.0
hansjoerg_wyss,self-made,1935-01-01,Wilson,Wyoming,Divorced,1.0,,,,,
harold_hamm,self-made,1945-12-11,Oklahoma City,Oklahoma,Divorced,5.0,,10.0,,,2.0
harry_stine,self-made,1941-11-30,Adel,Iowa,Married,4.0,United States,10.0,,Iowa,1.0
hartley_rogers,self-made,1959-10-20,New York,New York,Married,3.0,,,,,
harvey_jones,self-made,1953-01-01,Palm Beach,Florida,,,,,,,
hayes_barnard,self-made,1972-02-15,Austin,Texas,Married,3.0,,10.0,,,2.0
helen_johnson_leipold,inherited,1956-12-30,Racine,Wisconsin,Married,5.0,,3.0,,,2.0
hemant_taneja,self-made,1975-02-24,Palo Alto,California,,,,9.0,,,
henry_davis,inherited and growing,1951-02-16,Omaha,Nebraska,Divorced,,United States,,Omaha,Nebraska,
henry_kravis,self-made,1944-01-06,New York,New York,Married,2.0,,8.0,,,2.0
henry_laufer,self-made,1945-08-13,Lake Worth,Florida,Married,,,8.0,,,
henry_nicholas_iii,self-made,1959-10-08,Newport Coast,California,Divorced,3.0,,8.0,,,1.0
henry_samueli,self-made,1954-09-20,Newport Beach,California,Married,3.0,United States,9.0,,,2.0
henry_swieca,self-made,1957-05-09,New York,New York,Married,4.0,United States,,New York,New York,
herald_chen,self-made,1970-02-12,Hillsborough,California,Married,3.0,,8.0,,,
herb_chambers,self-made,1942-01-01,Boston,Massachusetts,Single,,United States,9.0,Dorchester,Massachusetts,
herb_simon,self-made,1934-10-23,Indianapolis,Indiana,Married,8.0,,9.0,,,2.0
herbert_allen_jr,inherited and growing,1940-03-05,New York,New York,Divorced,4.0,,4.0,,,
herbert_wertheim,self-made,1939-05-23,Coral Gables,Florida,Divorced,2.0,,10.0,,,2.0
herriot_tabuteau,self-made,1968-07-23,New York,New York,Married,2.0,Haiti,10.0,,,
hilton_schlosberg,self-made,1953-01-01,Irvine,California,,,,,,,
holden_spaht,self-made,1974-07-03,San Francisco,California,Married,2.0,,8.0,,,1.0
hope_welker,inherited,1985-08-13,New York,New York,Divorced,2.0,,,,,
howard_butt_iii,inherited and growing,1952-04-04,San Antonio,Texas,Married,3.0,,3.0,,,
howard_lutnick,self-made,1961-07-14,Washington,District of Columbia,,,,10.0,,,
howard_marks,self-made,1946-04-23,New York,New York,Married,2.0,,8.0,,,2.0
howard_schultz,self-made,1953-07-19,Seattle,Washington,Married,2.0,,10.0,,,3.0
ignacio_torras,self-made,1965-03-01,Houston,Texas,Married,4.0,Spain,9.0,Barcelona,,
igor_makarov,self-made,1962-04-15,Miami,Florida,Married,2.0,Turkmenistan,,Ashgabat,,
igor_olenicoff,self-made,1942-09-20,Lighthouse Point,Florida,Married,2.0,Russia,10.0,,,1.0
igor_tulchinsky,self-made,1966-08-01,Greenwich,Connecticut,,,Belarus,,Minsk,,
ion_stoica,self-made,1965-02-12,Berkeley,California,,,,,,,
ira_rennert,self-made,1934-05-31,New York,New York,Married,3.0,United States,8.0,Brooklyn,New York,2.0
irving_grousbeck,self-made,1934-07-20,Portola Valley,California,,4.0,United States,,,Massachusetts,
isaac_perlmutter,self-made,1942-12-01,Palm Beach,Florida,Married,,Israel,10.0,Tel Aviv,,1.0
israel_englander,self-made,1948-09-30,New York,New York,Married,3.0,,9.0,,,1.0
itzhak_ezratti,self-made,1952-10-14,Indian Creek,Florida,,3.0,,,,,
ivan_zhao,self-made,1986-05-31,San Francisco,California,,,,,,,
j_christopher_flowers,self-made,1957-10-27,Palm Beach,Florida,Married,2.0,United States,,,,
j_christopher_reyes,self-made,1953-12-29,Hobe Sound,Florida,Married,4.0,,8.0,,,1.0
j_frank_harrison_iii,inherited and growing,1955-01-01,Charlotte,North Carolina,,,,,,,
j_hyatt_brown,inherited and growing,1937-07-12,Ormond Beach,Florida,Married,,,5.0,,,2.0
j_joe_ricketts,self-made,1941-07-16,Little Jackson Hole,Wyoming,Married,4.0,,10.0,,,2.0
j_tomilson_hill,self-made,1948-05-24,New York,New York,Married,2.0,United States,6.0,,,2.0
j_wayne_weaver,self-made,1935-09-01,Jacksonville,Florida,Married,2.0,United States,,,,
jack_clark,self-made,1989-03-02,San Francisco,California,,,,,,,
jack_cogen,self-made,1956-04-14,New York,New York,,,,,,,
jack_dangermond,self-made,1945-07-23,Redlands,California,Married,,United States,8.0,Redlands,California,2.0
jack_dorsey,self-made,1976-11-19,San Francisco,California,Single,,United States,8.0,St. Louis,Missouri,4.0
jack_link,self-made,1946-02-22,Minong,Wisconsin,Married,2.0,,8.0,,,
jacqueline_mars,inherited,1939-10-10,The Plains,Virginia,Divorced,3.0,,2.0,,,1.0
jahm_najafi,self-made,1963-03-19,Paradise Valley,Arizona,Married,3.0,,,,,
james_cargill_ii,inherited,1949-04-07,Birchwood,Wisconsin,Married,2.0,,1.0,,,1.0
james_chambers,inherited,1957-04-12,Palisades,New York,Married,2.0,,1.0,,,1.0
james_chao,self-made,1947-09-15,Houston,Texas,,,,7.0,,,1.0
james_clark,self-made,1944-03-23,Palm Beach,Florida,Married,4.0,United States,9.0,Plainview,Texas,2.0
james_dinan,self-made,1959-05-22,North Salem,New York,Married,3.0,United States,8.0,Worcester,Massachusetts,2.0
james_duff,self-made,1961-03-07,Hattiesburg,Mississippi,Married,2.0,,7.0,,,1.0
james_france,inherited and growing,1944-10-24,Daytona Beach,Florida,Married,3.0,,4.0,,,
james_goodnight,self-made,1943-01-06,Cary,North Carolina,Married,3.0,United States,8.0,Salisbury,North Carolina,1.0
james_jannard,self-made,1949-06-08,San Juan Islands,Washington,Married,4.0,United States,9.0,Alhambra,California,
james_leininger,self-made,1945-03-30,San Antonio,Texas,Married,4.0,,,,,
james_litinsky,self-made,1978-01-01,Las Vegas,Nevada,,,,,,,
james_packer,inherited and growing,1967-09-08,Los Angeles,California,Divorced,3.0,,,,,
james_scapa,self-made,1957-01-23,Atherton,California,Married,4.0,United States,,New York,New York,
james_tisch,inherited and growing,1953-01-15,New York,New York,,,United States,,,,
james_truchard,self-made,1943-06-25,Austin,Texas,Married,4.0,United States,,,Texas,
jamie_dimon,self-made,1956-03-13,New York,New York,Married,3.0,United States,,New York,New York,
jan_koum,self-made,1976-02-24,Atherton,California,Single,,Ukraine,10.0,,,2.0
jane_goldman,inherited and growing,1955-07-29,New York,New York,Married,2.0,United States,4.0,New York,New York,1.0
jane_lauder,inherited,1973-01-01,New York,New York,Married,,United States,4.0,,,
janice_mcnair,inherited,1936-09-30,Houston,Texas,Widowed,4.0,United States,2.0,,,2.0
jared_kaplan,self-made,1984-05-01,Pacifica,California,,,,,,,
jared_kushner,inherited and growing,1981-01-10,Miami,Florida,Married,3.0,United States,,,,
jared_smith_1,self-made,1974-10-02,Provo,Utah,Married,,,,,,
jason_murray,self-made,1979-04-01,Mountain Green,Utah,Married,,,,,,
jay_chaudhry,self-made,1959-08-26,Reno,Nevada,Married,3.0,India,9.0,Panoh,,1.0
jay_paul,self-made,1947-07-08,San Francisco,California,Married,,,8.0,,,
jay_z,self-made,1969-12-04,Los Angeles,California,Married,3.0,United States,10.0,Brooklyn,New York,
jayshree_ullal,self-made,1961-03-27,Saratoga,California,Married,2.0,United Kingdom,6.0,London,,1.0
jb_pritzker,inherited and growing,1965-01-19,Springfield,Illinois,Married,2.0,,3.0,,,4.0
jb_straubel,self-made,1975-12-20,Carson City,Nevada,,2.0,United States,,Des Moine,Iowa,
jean_gigi_pritzker,inherited,1962-07-01,Los Angeles,California,Married,3.0,,3.0,,,2.0
jean_marc_chapus,self-made,1959-04-01,Pacific Palisades,California,Married,7.0,,,,,
jed_mccaleb,self-made,1975-01-01,Berkeley,California,,,United States,9.0,Fayetteville,Arkansas,
jeff_bezos,self-made,1964-01-12,Miami,Florida,Engaged,4.0,United States,8.0,Albuquerque,New Mexico,2.0
jeff_greene,self-made,1954-12-10,Palm Beach,Florida,Married,3.0,,10.0,,,1.0
jeff_lawson,self-made,1977-06-21,San Francisco,California,Married,2.0,United States,,,,
jeff_rothschild,self-made,1955-01-02,Palo Alto,California,Married,3.0,,6.0,,,2.0
jeff_skoll,self-made,1965-01-16,Lantana,Florida,Single,,Canada,6.0,,,4.0
jeff_sprecher,self-made,1955-02-23,Atlanta,Georgia,Married,,United States,,Madison,Wisconsin,
jeff_sutton,self-made,1960-01-17,New York,New York,Married,5.0,,8.0,,,1.0
jeff_t_green,self-made,1977-03-30,Newbury Park,California,,,,8.0,,,1.0
jeff_tangney,self-made,1972-08-09,Palo Alto,California,Married,3.0,United States,9.0,Janesville,Wisconsin,1.0
jeff_yass,self-made,1958-07-17,Haverford,Pennsylvania,Married,4.0,,8.0,,,1.0
jeffery_hildebrand,self-made,1959-03-05,Houston,Texas,Married,3.0,,8.0,,,2.0
jeffrey_gundlach,self-made,1959-01-01,Los Angeles,California,Divorced,,United States,8.0,Synder,New York,2.0
jeffrey_lorberbaum,inherited and growing,1954-10-25,Chattanooga,Tennessee,Married,,United States,5.0,Dalton,Georgia,
jeffrey_lurie,inherited and growing,1951-09-08,Wynnewood,Pennsylvania,Married,2.0,,4.0,,,2.0
jeffrey_michael,self-made,1956-07-18,Minnetonka,Minnesota,Married,4.0,,,,,
jeffrey_soffer,inherited and growing,1967-12-13,Aventura,Florida,Married,,,,,,
jeffrey_talpins,self-made,1975-03-06,Larchmont,New York,Married,,,8.0,,,
jennifer_gilbert,inherited,1968-06-01,Franklin,Michigan,Divorced,5.0,,,,,
jennifer_pritzker,inherited,1950-08-13,Chicago,Illinois,Divorced,3.0,,1.0,,,
jennifer_steinbrenner_swindal,inherited,1959-07-28,Tampa,Florida,Married,2.0,,,,,
jenny_love_meyer,inherited,1966-03-01,Nichols Hills,Oklahoma,Married,2.0,,,,,
jensen_huang,self-made,1963-02-17,Los Altos,California,Married,,Taiwan,8.0,,,1.0
jeremy_allaire,self-made,1971-05-13,Boston,Massachusetts,,,,,,,
jeremy_jacobs_sr,inherited and growing,1940-01-21,East Aurora,New York,Married,6.0,,5.0,,,2.0
jerry_jones,self-made,1942-10-13,Dallas,Texas,Married,3.0,,8.0,,,1.0
jerry_moyes,self-made,1944-01-15,Tolleson,Arizona,Married,10.0,,,,,1.0
jerry_reinsdorf,self-made,1936-02-25,Chicago,Illinois,Married,4.0,,,,,
jerry_seinfeld,self-made,1954-04-29,New York,New York,Married,3.0,United States,,"Brooklyn, NY",New York,
jerry_speyer,self-made,1940-06-23,New York,New York,Married,4.0,,8.0,,,1.0
jerry_yang,self-made,1968-11-06,Los Altos Hills,California,Married,2.0,Taiwan,10.0,Taipei,,2.0
jessica_steinbrenner,inherited,1964-03-26,Tampa,Florida,Divorced,4.0,,,,,
jim_breyer,self-made,1961-07-26,Austin,Texas,Widowed,4.0,,8.0,,,1.0
jim_coulter,self-made,1959-12-01,San Francisco,California,Married,3.0,,7.0,,,1.0
jim_crane,self-made,1954-01-17,Houston,Texas,Married,3.0,,,,,
jim_davis,self-made,1943-05-17,Newton,Massachusetts,Married,2.0,,8.0,,,2.0
jim_davis_1,self-made,1960-03-13,Cockeysville,Maryland,Married,2.0,United States,8.0,,,2.0
jim_kavanaugh,self-made,1962-10-17,St. Louis,Missouri,,,,9.0,,,1.0
jim_kennedy,inherited and growing,1947-11-29,Atlanta,Georgia,Married,3.0,,4.0,,,3.0
jim_koch,self-made,1949-05-27,Newton,Massachusetts,Married,4.0,United States,8.0,Cincinnati,,1.0
jim_mckelvey,self-made,1965-10-19,St. Louis,Missouri,Married,2.0,,8.0,,,1.0
jim_walton,inherited and growing,1948-06-07,Bentonville,Arkansas,Married,4.0,,2.0,,,2.0
jimmy_haslam,inherited and growing,1954-03-09,Knoxville,Tennessee,Married,3.0,United States,3.0,Knoxville,Tennessee,2.0
jimmy_john_liautaud,self-made,1964-01-12,Key Largo,Florida,Married,3.0,,9.0,,,
jimmy_rane,self-made,1946-09-15,Abbeville,Alabama,Married,3.0,,,,,
jitendra_mohan,self-made,1973-05-01,Santa Clara,California,,,,,,,
joe_agresti,self-made,1972-05-23,The Woodlands,Texas,Married,,,,,,
joe_gebbia,self-made,1981-08-21,Austin,Texas,In Relationship,,,8.0,,,2.0
joe_kiani,self-made,1964-09-16,Irvine,California,Married,3.0,Iran,,,,
joe_lacob,self-made,1956-01-10,Atherton,California,Married,4.0,United States,,New Bedford,Massachusetts,
joe_lonsdale,self-made,1982-09-12,Austin,Texas,Married,4.0,United States,,Fremont,California,
joe_mansueto,self-made,1956-09-03,Chicago,Illinois,Married,3.0,,8.0,,,2.0
joe_rogers_jr,inherited and growing,1946-12-02,Atlanta,Georgia,Married,,,,,,
joel_glazer,inherited and growing,1967-03-15,Bethesda,Maryland,,,,,,,
joel_greenberg,self-made,1957-08-19,Gladwyne,Pennsylvania,Married,3.0,,,,,
john_a_sobrato,self-made,1939-05-23,Atherton,California,Married,3.0,,7.0,,,4.0
john_abele,self-made,1937-02-02,Shelburne,Vermont,Married,3.0,,,,,
john_arnold,self-made,1974-03-09,Houston,Texas,Married,2.0,,8.0,,,5.0
john_bicket,self-made,1980-03-20,San Francisco ,California,Married,2.0,United States,8.0,Edmond,Oklahoma,1.0
john_brown,self-made,1934-09-15,Atlanta,Georgia,Married,2.0,,6.0,,,2.0
john_catsimatidis,self-made,1948-09-07,New York,New York,Married,2.0,Greece,10.0,,,1.0
john_collison,self-made,1990-08-06,San Francisco ,California,Single,,Ireland,,,,
john_doerr,self-made,1951-06-29,Woodside,California,Married,2.0,United States,8.0,St. Louis,Missouri,2.0
john_fish,self-made,1960-03-09,Boston,Massachusetts,Married,3.0,United States,,,,
john_fisher,inherited,1961-06-01,San Francisco,California,Married,4.0,United States,2.0,San Francisco,California,2.0
john_goff,self-made,1955-08-26,Fort Worth,Texas,Married,,United States,,Lake Jackson,Texas,
john_h_macmillan_iv_iv,inherited,1952-07-01,Minneapolis,Minnesota,,,,,,,
john_henry,self-made,1949-09-13,Boca Raton,Florida,Married,2.0,,7.0,,,1.0
john_krystynak,self-made,1968-05-01,Incline Village,Nevada,,,,,,,
john_liew,self-made,1967-08-20,Greenwich,Connecticut,Married,2.0,,8.0,,,
john_macmillan_1,inherited,1949-09-20,Plymouth,Minnesota,,4.0,,1.0,,,
john_malone,self-made,1941-03-07,Elizabeth,Colorado,Married,2.0,,8.0,,,3.0
john_mars,inherited,1935-10-15,Jackson,Wyoming,Married,3.0,,2.0,,,2.0
john_menard_jr,self-made,1940-01-22,Eau Claire,Wisconsin,Married,6.0,United States,9.0,,Wisconsin,1.0
john_middleton,inherited,1955-03-02,Bryn Mawr,Pennsylvania,Married,2.0,,5.0,,,2.0
john_morgan,,,Metairie,Louisiana,,,,,,,
john_morris,self-made,1948-03-19,Springfield,Missouri,Married,4.0,United States,9.0,Springfield,Missouri,3.0
john_overdeck,self-made,1969-12-21,Millburn,New Jersey,Separated,3.0,,8.0,,,3.0
john_oyler,self-made,1968-04-03,Reno,Nevada,Married,,,,,,
john_paul_dejoria,self-made,1944-04-13,Austin,Texas,Married,6.0,,10.0,,,2.0
john_paulson,self-made,1955-12-14,New York,New York,Separated,2.0,,8.0,,,4.0
john_pritzker,inherited and growing,1953-08-10,San Francisco,California,Married,3.0,United States,3.0,,,3.0
john_sall,self-made,1948-04-04,Cary,North Carolina,Married,4.0,,8.0,Rockford,,2.0
john_stanton,self-made,1955-07-31,Bellevue,Washington,Married,2.0,,,,,
john_tu,self-made,1941-08-12,Rolling Hills,California,Married,2.0,China,9.0,Chongqing,,1.0
john_tyson,inherited and growing,1953-09-05,Springdale,Arkansas,Single,2.0,United States,5.0,Springdale,Arkansas,2.0
johnelle_hunt,self-made,1932-01-04,Fayetteville,Arkansas,Widowed,2.0,United States,7.0,Heber Springs,Arkansas,2.0
johnny_ho,self-made,,New York,New York,,,,,,,
jon_stryker,inherited,1958-05-03,New York,New York,Married,2.0,United States,1.0,Kalamazoo,Michigan,4.0
jon_winkelried,self-made,1959-09-15,San Francisco,California,Married,,,,,,
jon_yarbrough,self-made,1957-05-10,Franklin,Tennessee,Married,2.0,United States,8.0,,,1.0
jonathan_gray,self-made,1970-02-04,New York,New York,Married,,,6.0,,,2.0
jonathan_nelson,self-made,1956-05-18,Providence,Rhode Island,"Widowed, Remarried",3.0,,8.0,,,2.0
jonathan_tisch,inherited,1953-12-07,New York,New York,Married,2.0,United States,,,,
jorge_mas,inherited and growing,1963-02-28,Miami,Florida,Married,3.0,,,,,
jorge_perez,self-made,1949-10-17,Miami,Florida,Married,4.0,Argentina,8.0,,,3.0
jose_e_feliciano,self-made,1973-05-29,Los Angeles,California,Married,,Puerto Rico,8.0,,,1.0
joseph_bae,self-made,1972-01-12,New York,New York,Married,4.0,,,,,
joseph_edelman,self-made,1955-06-10,New York,New York,Married,,,7.0,,,
joseph_grendys,self-made,1961-12-01,Chicago,Illinois,Single,,United States,7.0,Chicago,Illinois,1.0
joseph_liemandt,self-made,1968-08-05,Austin,Texas,Single,,,7.0,,,
joseph_pitt_reeves_hyde_iii,inherited and growing,1942-12-27,Memphis,Tennessee,Married,3.0,,,,,
joseph_steinberg,self-made,1944-02-05,New York,New York,Married,3.0,,,,,
josh_harris,self-made,1964-12-29,Miami,Florida,Married,5.0,,8.0,,,1.0
josh_kushner,self-made,1985-06-12,New York,New York,Married,2.0,,7.0,,,1.0
jude_reyes,self-made,1955-09-16,Palm Beach,Florida,Married,3.0,,8.0,,,1.0
judy_faulkner,self-made,1943-08-01,,,Married,3.0,United States,8.0,,Wisconsin,2.0
julia_koch,inherited,1962-04-12,New York,New York,Widowed,3.0,,2.0,,,2.0
julian_baker,self-made,1966-05-21,New York,New York,,,,,,,
justin_ishbia,inherited and growing,1977-09-18,Chicago,Illinois,Married,4.0,,4.0,,,1.0
jyoti_bansal,self-made,1978-04-04,San Francisco,California,,,India,,,,
kalen_jackson,inherited and growing,1987-07-06,Indianapolis,Indiana,Married,2.0,,,,,
kamal_ghaffarian,self-made,1958-04-28,Naples,Florida,Engaged,,Iran,,,,
karen_pritzker,inherited,1958-01-07,Branford,Connecticut,Widowed,4.0,,3.0,,,2.0
karim_atiyeh,self-made,1989-09-15,Miami,Florida,,,,9.0,,,
karthik_sarma,self-made,1974-12-01,New York,New York,,,,,,,
kate_macmillan_reed,inherited,1957-07-01,Hobe Sound,Florida,Married,,United States,,,,
katharina_otto_bernstein,inherited,1964-01-01,New York,New York,Married,2.0,,,,,
katharine_rayner,inherited,1945-01-12,East Hampton,New York,Widowed,,,1.0,,,1.0
kathy_britton,inherited and growing,1969-09-03,Houston,Texas,Married,3.0,,,,,
kavitark_ram_shriram,self-made,1957-01-21,Menlo Park,California,Married,2.0,India,10.0,,,2.0
keith_bentley,self-made,1958-07-18,Elverson,Pennsylvania,,,,,,,
keith_dunleavy,self-made,1969-06-25,Annapolis,Maryland,Married,4.0,,,,,
kelcy_warren,self-made,1955-11-09,Dallas,Texas,Married,1.0,,9.0,,,2.0
ken_fisher,self-made,1950-11-29,Dallas,Texas,Married,3.0,,8.0,,,1.0
ken_griffin,self-made,1968-10-15,Miami,Florida,Divorced,3.0,,8.0,,,2.0
ken_kendrick,self-made,1943-09-02,Paradise Valley,Arizona,Married,2.0,,,,,
ken_langone,self-made,1935-09-16,Sands Point,New York,Married,3.0,,9.0,,,2.0
ken_xie,self-made,1963-01-26,Los Altos Hills,California,Married,,China,8.0,,,2.0
kenneth_feld,inherited and growing,1948-10-31,Sarasota,Florida,Separated,3.0,United States,5.0,,District of Columbia,1.0
kenneth_hao,self-made,1968-09-11,Hillsborough,California,,,United States,,,,
kenny_troutt,self-made,1948-01-08,Dallas,Texas,Married,3.0,,,,,
kevin_glazer,inherited and growing,1962-02-15,Rochester,New York,,,,,,,
kevin_marchetti,self-made,1978-01-01,San Francisco,California,Married,,,,,,
kevin_plank,self-made,1972-08-13,Lutherville-Timonium,Maryland,Married,2.0,United States,8.0,Kensington,Maryland,
kevin_systrom,self-made,1983-12-30,San Francisco,California,Married,1.0,,,,,
kim_kardashian,self-made,1980-10-21,Los Angeles,California,Divorced,4.0,United States,7.0,Los Angeles,California,
kimbal_musk,self-made,1972-09-20,Boulder,Colorado,,,,,,,
lamar_hunt_jr,inherited,1956-10-15,Leawood,Kansas,,,,,,,
larry_connor,self-made,1950-01-07,Miamisburg,Ohio,Married,3.0,United States,,Albany,New York,
larry_culp,self-made,1963-03-15,Cincinnati,Ohio,Married,,,,,,
larry_ellison,self-made,1944-08-17,Manalapan,Florida,In Relationship,4.0,United States,9.0,,,1.0
larry_fink,self-made,1952-11-02,New York,New York,Married,3.0,United States,,Van Nuys,California,
larry_page,self-made,1973-03-26,Palo Alto,California,Married,1.0,United States,8.0,East Lansing,Michigan,1.0
larry_robbins,self-made,1969-10-21,Alpine,New Jersey,Married,4.0,United States,7.0,,,3.0
larry_silverstein,self-made,1931-05-30,New York,New York,Married,,United States,,New York,New York,
laura_love,inherited,1963-03-01,Oklahoma City,Oklahoma,,3.0,,,,,
lauren_leichtman,self-made,1949-11-03,Miami,Florida,Married,3.0,,9.0,,,
laurene_powell_jobs,inherited,1963-11-06,Palo Alto,California,Widowed,3.0,United States,2.0,,,3.0
laurie_tisch,inherited,1951-02-19,New York,New York,Divorced,2.0,,,,,
lawrence_golub,self-made,1959-10-03,New York,New York,,,,7.0,,,
lebron_james,self-made,1984-12-30,Los Angeles,California,Married,3.0,United States,10.0,Akron,Ohio,
lee_bass,inherited and growing,1956-05-24,Fort Worth,Texas,Married,,,4.0,,,2.0
leon_black,self-made,1951-07-31,New York,New York,Married,4.0,,8.0,,,2.0
leon_g_cooperman,self-made,1943-04-25,Boca Raton,Florida,Married,2.0,,9.0,,,3.0
leonard_abess,inherited and growing,1948-07-23,Miami,Florida,,,,,,,
leonard_schleifer,self-made,1952-07-07,Tarrytown,New York,Married,3.0,United States,8.0,,,1.0
leonard_stern,inherited and growing,1938-03-28,New York,New York,Married,3.0,,5.0,,,2.0
leonid_radvinsky,self-made,1982-05-30,Miami,Florida,Married,,Ukraine,7.0,,,1.0
les_wexner,self-made,1937-09-08,New Albany,Ohio,Married,4.0,United States,8.0,Dayton,Ohio,3.0
leslie_alexander,self-made,1943-06-30,Houston,Texas,Divorced,1.0,,8.0,,,1.0
liesel_pritzker_simmons,inherited,1984-03-15,Concord,Massachusetts,Single,,,,,,
linda_pritzker,inherited,1953-09-14,Missoula,Montana,Divorced,3.0,,1.0,,,
lisa_su,self-made,1969-11-07,,,,,,6.0,,,
lloyd_blankfein,self-made,1954-09-20,New York,New York,Married,3.0,United States,,Bronx,New York,
lorenzo_fertitta,inherited and growing,1969-01-03,Las Vegas,Nevada,Married,3.0,,5.0,,,2.0
louis_bacon,self-made,1956-07-25,Oyster Bay,New York,Divorced,7.0,,7.0,,,
luana_lopes_lara,self-made,1996-05-20,New York,New York,Single,,Brazil,,Belo Horizonte,,
lucy_guo,self-made,1994-10-14,Los Angeles,California,Single,,United States,8.0,Fremont,California,
lucy_stitzer,inherited,1960-01-01,Greenwich,Connecticut,Married,3.0,,2.0,,,
lukas_walton,inherited,1986-09-19,Chicago,Illinois,Married,,,1.0,,,2.0
lynda_resnick,self-made,1943-01-18,Beverly Hills,California,Married,5.0,,8.0,,,4.0
lyndal_stephens_greth,inherited and growing,1974-10-12,Dallas,Texas,Married,,,3.0,,,
lynn_schusterman,inherited,1939-01-21,Tulsa,Oklahoma,Widowed,3.0,,1.0,,,5.0
lynsi_snyder,inherited and growing,1982-05-05,Franklin,Tennessee,Married,,,3.0,,,2.0
mackenzie_scott,inherited,1970-04-07,Seattle,Washington,Divorced,4.0,United States,3.0,San Francisco,California,5.0
maggie_hardy,inherited and growing,1965-12-07,Belle Vernon,Pennsylvania,Married,1.0,,4.0,,,
magic_johnson,self-made,1959-08-14,Los Angeles,California,Married,3.0,,,,,
marc_andreessen,self-made,1971-07-09,Menlo Park,California,Married,1.0,United States,,Cedar Falls,Iowa,
marc_benioff,self-made,1964-09-25,San Francisco,California,Married,2.0,,8.0,,,4.0
marc_lasry,self-made,1960-09-23,New York,New York,Married,5.0,Morocco,9.0,,,
marc_lipschultz,self-made,1969-01-25,New York,New York,,,,,,,
marc_lore,self-made,1971-05-16,New York City,New York,,,,9.0,,,1.0
marc_rowan,self-made,1962-08-19,New York,New York,Separated,,,8.0,,,2.0
marcelo_claure,self-made,1970-12-09,Miami Beach,Florida,Married,6.0,Bolivia,,,,
marco_degeorge,self-made,1973-05-16,Los Angeles,California,Married,4.0,,,,,
margaret_baker,inherited,1965-09-01,Ketchum,Idaho,,,,,,,
margaretta_taylor,inherited,1942-04-15,Southampton,New York,,2.0,,1.0,,,1.0
margot_birmingham_perot,inherited,1933-11-15,Dallas,Texas,Widowed,5.0,,1.0,,,2.0
marian_ilitch,self-made,1933-01-07,Bingham Farms,Michigan,Widowed,7.0,,9.0,,,2.0
marianne_liebmann,inherited,1953-07-11,Bozeman,Montana,Married,2.0,,1.0,,,1.0
marijke_mars,inherited,1964-07-28,Los Angeles,California,Divorced,,,2.0,,,
marilyn_simons,inherited,1951-01-04,East Setauket,New York,Widowed,,,1.0,,,5.0
mario_gabelli,self-made,1942-03-31,Greenwich,Connecticut,Married,4.0,United States,8.0,New York,New York,
marissa_mayer,self-made,1975-05-30,Palo Alto,California,Married,3.0,United States,6.0,Wausau,Wisconsin,
mark_attanasio,self-made,1957-09-29,Los Angeles,California,Married,2.0,,,,,
mark_cuban,self-made,1958-07-31,Dallas,Texas,Married,3.0,United States,8.0,Pittsburgh,Pennsylvania,1.0
mark_davis_1,inherited and growing,1955-05-18,Henderson,Nevada,,,United States,,Brooklyn,New York,
mark_hancock,self-made,1975-05-01,Mountain Green,Utah,Married,,,,,,
mark_jones,self-made,1962-01-01,Fort Worth,Texas,Married,6.0,Canada,9.0,Lethbridge,Alberta,
mark_meijer,inherited and growing,1957-10-21,Grand Rapids,Michigan,,,United States,3.0,,,1.0
mark_pincus,self-made,1966-02-13,San Francisco,California,Divorced,3.0,,,,,
mark_shoen,inherited and growing,1950-11-20,Phoenix,Arizona,Married,1.0,United States,5.0,,,1.0
mark_stevens,self-made,1960-02-17,Steamboat Springs,Colorado,Married,3.0,,9.0,,,2.0
mark_walter,self-made,1960-05-22,Chicago,Illinois,Married,1.0,United States,8.0,Cedar Rapids,Iowa,2.0
mark_zuckerberg,self-made,1984-05-14,Palo Alto,California,Married,3.0,United States,8.0,White Plains,New York,2.0
martha_ingram,inherited and growing,1935-08-20,Nashville,Tennessee,Widowed,4.0,,4.0,,,1.0
martha_macmillan,inherited,1951-10-01,Orono,Minnesota,Divorced,5.0,,1.0,,,
martine_rothblatt,self-made,1954-10-10,Satellite Beach,Florida,Married,4.0,,8.0,,,
marty_horton,inherited,1951-05-28,Fort Worth,Texas,Widowed,2.0,,,,,
mat_ishbia,inherited and growing,1980-01-06,Bloomfield Hills,Michigan,Divorced,3.0,United States,5.0,,Michigan,1.0
matei_zaharia,self-made,1985-04-21,Berkeley,California,,,,,,,
matthew_prince,self-made,1975-01-01,Park City,Utah,Married,,,8.0,,,1.0
matthew_pritzker,inherited,1982-05-15,Chicago,Illinois,Single,,,,,,
matthew_roszak,self-made,1972-12-09,Chicago,Illinois,Married,,,,,,
max_levchin,self-made,1975-07-11,San Francisco,California,Married,2.0,Ukraine,,,,
max_lytvyn,self-made,1980-01-01,San Francisco,California,,,Ukraine,,,,
max_van_hoegaerden_herrmann_telles,inherited and growing,1995-11-21,New York,New York,,,,,,,
meg_whitman,self-made,1956-08-04,Los Angeles,California,Married,2.0,,6.0,,,2.0
melinda_french_gates,inherited,1964-08-15,Seattle,Washington,Divorced,3.0,United States,2.0,Dallas,Texas,5.0
michael_arougheti,self-made,1972-10-10,Nyack,New York,Married,,,,,,
michael_bloomberg,self-made,1942-02-14,New York,New York,In Relationship,2.0,United States,8.0,Boston,Massachusetts,4.0
michael_cagney,self-made,1971-02-01,San Francisco,California,Married,,,,,,
michael_dell,self-made,1965-02-23,Austin,Texas,Married,4.0,United States,8.0,Houston,Texas,2.0
michael_dorrell,self-made,1973-08-14,New York,New York,,,Australia,8.0,,,
michael_dunlap,self-made,1963-09-01,Lincoln,Nebraska,Married,3.0,,,,,
michael_hsing,self-made,1961-01-01,Yarrow Point,Washington,,,,,,,
michael_intrator,self-made,1969-03-05,New York City,New York,,,,8.0,,,1.0
michael_jordan,self-made,1963-02-17,Jupiter,Florida,Married,5.0,United States,8.0,Brooklyn,New York,1.0
michael_krasny,self-made,1953-08-08,Highland Park,Illinois,Married,1.0,,,,,
michael_milken,self-made,1946-07-04,Los Angeles,California,Married,3.0,United States,8.0,Encino,California,3.0
michael_moritz,self-made,1954-09-12,San Francisco,California,Married,2.0,United Kingdom,8.0,"Cardiff, Wales",,4.0
michael_novogratz,self-made,1964-11-26,New York,New York,Married,4.0,,8.0,,,2.0
michael_patterson,self-made,1974-12-01,New York City,New York,,,,,,,
michael_polsky,self-made,1949-01-01,Chicago,Illinois,Married,4.0,Ukraine,10.0,,,
michael_rees,self-made,1975-03-19,New Canaan,Connecticut,Married,2.0,,,,,
michael_rubin,self-made,1972-07-21,Bryn Mawr,Pennsylvania,Divorced,3.0,United States,8.0,,,1.0
michael_s_smith,self-made,1955-05-09,Miami Beach,Florida,Married,2.0,United States,,,,
michael_sabel,self-made,1967-01-20,Washington,District of Columbia,Married,,United States,8.0,,,1.0
michael_saylor,self-made,1965-02-04,Miami,Florida,Single,,,8.0,,,
michael_steinhardt,self-made,1940-12-07,Mount Kisco,New York,Married,,,,,,
michael_teel,inherited and growing,1951-05-15,Sacramento,California,Married,,United States,,Sacramento,,
michael_truell,self-made,2000-09-04,San Francisco,California,,,,,,,
michael_xie,self-made,1969-02-20,Los Altos Hills,California,Married,,China,8.0,,,2.0
michele_kang,self-made,1959-06-26,Palm Beach,Florida,Divorced,,South Korea,8.0,,,
michelle_zatlyn,self-made,1979-07-24,San Francisco,California,Married,2.0,,8.0,,,
micky_arison,inherited and growing,1949-06-29,Bal Harbour,Florida,Married,2.0,Israel,5.0,,,2.0
mike_brown_1,inherited and growing,1935-08-10,Cincinnati,Ohio,Married,2.0,,4.0,,,1.0
mike_repole,self-made,1969-01-21,Windermere,Florida,Married,,,,,,
mike_speiser,self-made,1971-01-25,San Francisco,California,Single,,,,,,
milane_frantz,inherited,1969-08-12,Houston,Texas,Married,,,1.0,,,1.0
min_kao,self-made,1949-01-10,Leawood,Kansas,Married,2.0,Taiwan,8.0,,,1.0
miriam_adelson,inherited,1945-10-10,Las Vegas,Nevada,Widowed,5.0,Israel,2.0,,,2.0
mitchell_jacobson,inherited,1951-03-06,Locust Valley,New York,Married,,,,,,
mitchell_morgan,self-made,1954-07-29,Bryn Mawr,Pennsylvania,Married,3.0,United States,9.0,Philadelphia,Pennsylvania,2.0
mitchell_rales,self-made,1956-08-21,Potomac,Maryland,Married,2.0,,7.0,,,4.0
mortimer_zuckerman,self-made,1937-06-04,New York,New York,Divorced,2.0,Canada,8.0,Montreal,Quebec,4.0
nancy_lerner,inherited,1960-05-11,Cleveland,Ohio,Married,5.0,,,,,
nancy_mills_barnett,inherited,1963-09-01,Highland Park,Illinois,,,,,,,
nancy_walton_laurie,inherited,1951-05-15,Henderson,Nevada,Married,1.0,,1.0,,,1.0
nathan_blecharczyk,self-made,1983-06-11,San Francisco,California,Married,2.0,,8.0,,,1.0
neal_aronson,self-made,1965-02-01,Atlanta,Georgia,Married,2.0,,7.0,,,
neal_blue,self-made,1935-04-04,San Diego,California,Widowed,4.0,United States,7.0,,Colorado,
neerja_sethi,self-made,1955-01-16,Fisher Island,Florida,Married,2.0,India,8.0,,,
neil_bluhm,self-made,1938-01-12,Chicago,Illinois,Divorced,3.0,,10.0,,,2.0
nelson_peltz,self-made,1942-06-01,Bedford,New York,Married,10.0,,8.0,,,
nicholas_howley,self-made,1962-03-12,Key West,Florida,,,,,,,
nicholas_pritzker,inherited and growing,1944-01-01,Nicasio,California,Married,4.0,,3.0,,,2.0
nicholas_woodman,self-made,1975-06-24,Big Sky,Montana,Married,3.0,United States,8.0,Menlo Park,California,
nick_caporella,self-made,1936-01-15,Plantation ,Florida,Married,4.0,,9.0,,,1.0
nicolas_berggruen,inherited and growing,1961-08-10,Beverly Hills,California,Single,,France,5.0,Paris,,2.0
nicole_shanahan,inherited,1985-09-26,Portolo Valley,California,Divorced,,,,,,
nikesh_arora,self-made,1968-02-15,Atherton,California,Married,,India,,,,
niraj_shah,self-made,1974-03-10,Boston,Massachusetts,Married,2.0,United States,8.0,,,1.0
noam_gottesman,self-made,1961-05-24,New York,New York,Married,4.0,Israel,7.0,,,3.0
norma_lerner,inherited,1936-03-28,Cleveland,Ohio,Widowed,2.0,,,,,
norman_asbjornson,self-made,1935-12-10,Tulsa,Oklahoma,,,United States,,Winifred,Montana,
norman_braman,self-made,1932-08-22,Miami,Florida,Married,2.0,,9.0,,,2.0
noubar_afeyan,self-made,1962-07-25,Lexington,Massachusetts,Married,,Lebanon,10.0,Beirut,,1.0
o_francis_biondi,self-made,1964-07-04,New York,New York,Married,,,,,,
olivia_holding_1,inherited and growing,1964-09-14,Raleigh,North Carolina,,,,,,,
olivier_pomel,self-made,1977-03-26,New York,New York,Married,,,,,,
omani_carson,self-made,1964-08-27,Omaha,Nebraska,,,,,,,
oprah_winfrey,self-made,1954-01-29,,,In Relationship,,United States,10.0,Kosciusko,Mississippi,2.0
oren_zeev,self-made,1964-09-23,Los Altos,California,Married,2.0,Israel,,,,
orion_hindawi,self-made,1980-01-10,Seattle,Washington,Married,2.0,United States,,San Francisco,California,
orlando_bravo,self-made,1970-09-23,Miami Beach,Florida,Married,4.0,Puerto Rico,8.0,Mayaguez,,1.0
pablo_legorreta,self-made,1963-10-30,Sag Harbor,New York,Married,2.0,Mexico,8.0,,,1.0
palmer_luckey,self-made,1992-09-19,Newport Beach,California,Single,,,,,,
pamela_mars,inherited,1960-08-01,Alexandria,Virginia,Married,3.0,,2.0,,,
pantas_sutardja,self-made,1962-12-01,Saratoga,California,,,,,,,
parker_conrad,self-made,1980-04-13,San Francisco,California,Married,,,,,,
pat_neal,self-made,1949-03-04,Bradenton,Florida,Married,,,,,,
pat_stryker,inherited,1956-04-06,Fort Collins,Colorado,Divorced,3.0,,1.0,,,3.0
patrick_collison,self-made,1988-09-09,San Francisco ,California,Married,,Ireland,,,,
patrick_hanrahan,self-made,1955-05-08,Portola Valley,California,,,,,,,
patrick_ryan,self-made,1937-05-15,Winnetka,Illinois,Married,3.0,United States,8.0,Milwaukee,Wisconsin,2.0
patrick_soon_shiong,self-made,1952-07-29,Los Angeles,California,Married,2.0,South Africa,9.0,,,2.0
patrick_zalupski,self-made,1980-11-29,Jacksonville,Florida,Married,3.0,United States,,,,
patrizio_vinciarelli,self-made,1946-10-26,Boston,Massachusetts,Divorced,,,,,,
paul_fireman,self-made,1944-02-14,Brookline,Massachusetts,Married,3.0,,,,,
paul_foster,self-made,1957-10-08,El Paso,Texas,Married,2.0,,8.0,,,2.0
paul_saville,self-made,1955-12-14,Palm Beach,Florida,,,,6.0,,,
paul_sciarra,self-made,1981-02-15,San Francisco,California,Married,,,8.0,,,
paul_singer,self-made,1944-08-22,New York,New York,In Relationship,2.0,United States,8.0,,,2.0
paul_tudor_jones_ii,self-made,1954-09-28,Palm Beach,Florida,Married,4.0,,7.0,,,2.0
pauline_macmillan_keinath,inherited,1934-01-01,St. Louis,Missouri,Married,4.0,,1.0,,,1.0
peggy_cherng,self-made,1947-12-18,Las Vegas,Nevada,Married,3.0,Myanmar,9.0,,,1.0
penny_pritzker,inherited,1959-05-02,Chicago,Illinois,Married,2.0,,3.0,,,3.0
peter_cancro,self-made,1957-05-01,Miami,Florida,Married,4.0,United States,9.0,Point Pleasant,New Jersey,1.0
peter_gassner,self-made,1965-02-26,Pleasanton,California,Married,2.0,,8.0,,,
peter_guber,self-made,1942-03-01,Los Angeles,California,Married,4.0,,,,,
peter_kellogg,inherited and growing,1942-09-01,Short Hills,New Jersey,Married,3.0,,4.0,,,2.0
peter_ludwig,self-made,1984-05-30,San Francisco,California,,,,,,,
peter_mallouk,self-made,1970-01-16,Overland Park,Kansas,,,,,,,
peter_sperling,inherited and growing,1959-11-22,Phoenix,Arizona,Married,2.0,,,,,
peter_thiel,self-made,1967-10-11,Los Angeles,California,Married,1.0,Germany,8.0,Frankfurt,,1.0
phil_knight,self-made,1938-02-24,Hillsboro,Oregon,Married,3.0,,8.0,,,4.0
phil_ruffin,self-made,1935-03-17,Las Vegas,Nevada,Married,5.0,,8.0,,,1.0
phil_shawe,self-made,1969-08-18,San Juan,Puerto Rico,,,,,,,
philip_anschutz,inherited and growing,1939-12-28,Denver,Colorado,Married,3.0,United States,5.0,,,3.0
philippe_laffont,self-made,1967-09-16,New York,New York,Married,,Belgium,8.0,,,1.0
phillip_frost,self-made,1936-11-11,Miami Beach,Florida,Married,,,8.0,,,3.0
phillip_t_terry_ragon,self-made,1949-06-01,Boston,Massachusetts,Married,,,8.0,,,3.0
pierre_omidyar,self-made,1967-06-21,Honolulu,Hawaii,Married,3.0,France,8.0,Paris,,4.0
qasar_younis,self-made,1981-08-01,San Francisco,California,,,Pakistan,,,,
raj_sardana,self-made,1960-03-08,Atlanta,Georgia,Married,3.0,India,9.0,New Delhi ,,
rajiv_jain,self-made,1968-01-27,Fort Lauderdale,Florida,,,India,8.0,,,1.0
rakesh_gangwal,self-made,1953-07-25,Miami,Florida,Married,1.0,India,8.0,,,1.0
ralph_lauren_family,self-made,1939-10-14,New York,New York,Married,3.0,,9.0,,,1.0
ramzi_musallam,self-made,1968-09-17,New York,New York,,,Jordan,6.0,Amman,,
randa_duncan_williams,inherited,1961-08-28,Houston,Texas,Married,1.0,,3.0,,,1.0
randal_j_kirk,self-made,1954-03-01,Manalapan,Florida,Married,3.0,,8.0,,,1.0
randolph_lerner,inherited,1962-02-21,Cleveland,Ohio,Married,4.0,,,,,
ray_dalio,self-made,1949-08-08,Greenwich,Connecticut,Married,4.0,,8.0,,,3.0
ray_davis,self-made,1941-12-18,Dallas,Texas,Married,3.0,,8.0,,,2.0
ray_lee_hunt,inherited and growing,1943-04-06,Dallas,Texas,Married,5.0,,5.0,,,2.0
reagan_horton,inherited,1975-05-01,Fort Worth,Texas,,,,,,,
reed_hastings,self-made,1960-10-08,Santa Cruz,California,Married,2.0,United States,7.0,Boston,Massachusetts,5.0
reid_hoffman,self-made,1967-08-05,Palo Alto,California,Married,,United States,8.0,Stanford,California,
reinhold_schmieding,self-made,1955-01-03,Naples,Florida,Married,2.0,United States,8.0,Bloomfield Hills,Michigan,1.0
riaz_valani,self-made,1976-09-01,Malibu,California,,,United States,,San Francisco ,California,
ric_elias,self-made,1967-05-21,Charlotte,North Carolina,Married,2.0,Puerto Rico,,San Juan,,
richard_fairbank,self-made,1950-09-01,McLean,Virginia,Married,8.0,United States,,,,
richard_hayne,self-made,1947-09-01,Philadelphia,Pennsylvania,Married,,,9.0,,,
richard_kayne,self-made,1946-01-01,Santa Monica ,California,Married,3.0,,,,,
richard_kinder,self-made,1944-10-19,Houston,Texas,Married,1.0,,8.0,,,3.0
richard_kurtz,self-made,1940-05-15,Palm Beach,Florida,Divorced,,,,,,
richard_lefrak,inherited and growing,1945-08-29,New York,New York,Married,2.0,,5.0,,,2.0
richard_peery,self-made,1938-10-01,Palo Alto,California,Married,4.0,,8.0,,,2.0
richard_saghian,self-made,1981-08-06,Los Angeles,California,Single,,United States,,Los Angeles,California,
richard_sands,inherited and growing,1951-03-03,Delray Beach,Florida,,,,4.0,,,1.0
richard_schulze,self-made,1941-01-02,Naples,Florida,"Widowed, Remarried",10.0,,8.0,,,3.0
richard_teets_jr,self-made,1956-01-01,Butler,Indiana,,,,,,,
richard_uihlein,self-made,1945-08-27,Lake Forest,Illinois,Married,3.0,United States,7.0,Dallas,Texas,2.0
richard_yuengling_jr,inherited and growing,1943-03-10,Pottsville,Pennsylvania,Divorced,4.0,United States,5.0,Pottsville,Pennsylvania,
rick_caruso,self-made,1959-01-07,Los Angeles,California,Married,4.0,United States,7.0,Hollywood Hills,California,2.0
rick_cohen,inherited and growing,1952-07-25,Keene,New Hampshire,Married,3.0,United States,5.0,,,1.0
rick_smith,self-made,1970-05-20,Flagstaff,Arizona,Married,,,,,,
rick_workman,self-made,1955-01-29,Windermere,Florida,Married,,United States,,Clay County,Illinois,
rihanna,self-made,1988-02-20,Los Angeles,California,In Relationship,2.0,,10.0,,,
riley_bechtel,inherited and growing,1952-03-25,San Francisco,California,Married,3.0,,4.0,,,1.0
rob_walton,inherited and growing,1944-10-27,Bentonville,Arkansas,Married,3.0,,4.0,,,1.0
robert_bass,inherited and growing,1948-03-19,Fort Worth,Texas,Married,4.0,,4.0,,,2.0
robert_clark,self-made,1959-01-30,St. Louis,Missouri,,,United States,,Bridgeton,Missouri,
robert_duggan,self-made,1944-04-28,Miami,Florida,Married,8.0,,8.0,,,1.0
robert_f_smith,self-made,1962-12-01,Austin,Texas,Married,7.0,United States,8.0,,,2.0
robert_faith,self-made,1963-10-03,Charleston,South Carolina,Married,3.0,United States,8.0,,Kansas,1.0
robert_fisher,inherited,1953-08-01,San Francisco,California,Married,3.0,,2.0,,,
robert_hale_jr,self-made,1966-07-08,Boston,Massachusetts,Married,,United States,8.0,Northampton ,Massachusetts,3.0
robert_johnson,self-made,1946-04-08,Palm Beach,Florida,Divorced,2.0,,,,,
robert_johnson_3,inherited and growing,1947-04-12,Palm Beach,Florida,Married,5.0,,4.0,,,1.0
robert_kraft,self-made,1941-06-05,Brookline,Massachusetts,"Widowed, Remarried",4.0,,8.0,,,3.0
robert_pender,self-made,1953-06-06,Falls Church,Virginia,Married,3.0,,8.0,,,1.0
robert_pera,self-made,1978-03-10,San Jose,California,Single,,United States,8.0,,,1.0
robert_rich_jr,inherited and growing,1941-01-25,Islamorada,Florida,Married,4.0,,5.0,,,1.0
robert_rowling,inherited and growing,1953-09-26,Dallas,Texas,Married,2.0,,5.0,,,2.0
robert_sands,inherited and growing,1958-06-10,Delray Beach,Florida,Married,,,4.0,,,2.0
robert_ziff,inherited,1966-08-12,New York,New York,Married,2.0,,4.0,,,1.0
robyn_jones,self-made,1962-07-22,Fort Worth,Texas,Married,6.0,Canada,9.0,Stettler,Alberta,
rocco_basilico_1,inherited,1989-07-11,Los Angeles,California,,,Italy,,Milan,,
rodger_riney,self-made,1946-01-01,St. Louis,Missouri,Married,3.0,United States,7.0,St. Louis,Missouri,2.0
rodney_sacks,self-made,1949-12-24,Laguna Beach,California,,,South Africa,8.0,,,
roger_penske,self-made,1937-02-20,Birmingham,Michigan,Married,5.0,,8.0,,,1.0
romesh_t_wadhwani,self-made,1947-08-25,Palo Alto,California,Married,1.0,India,8.0,,,2.0
ron_baron,self-made,1943-05-23,New York,New York,Married,2.0,,8.0,,,1.0
ron_corio,self-made,1961-10-04,Albuquerque,New Mexico,Divorced,2.0,,,,,
ron_shaich,self-made,1953-12-30,Miami,Florida,Divorced,2.0,,,,,
ronald_clarke,self-made,1955-08-15,Duluth,Georgia,Married,2.0,,,,,
ronald_lauder,inherited and growing,1944-02-26,New York,New York,Married,2.0,United States,5.0,New York,New York,3.0
ronald_perelman,self-made,1943-01-01,New York,New York,Married,8.0,United States,7.0,Greensboro,North Carolina,2.0
ronald_wanek,self-made,1941-05-19,Saint Petersburg,Florida,Married,3.0,,9.0,,,2.0
ronda_stryker,inherited,1954-05-01,Portage,Michigan,Married,3.0,,2.0,,,3.0
roy_carroll_ii,self-made,1962-11-01,Greensboro,North Carolina,Married,3.0,United States,,Greensboro,North Carolina,
rupert_johnson_jr,inherited and growing,1940-08-10,Burlingame,California,Married,,,4.0,,,2.0
rupert_murdoch,inherited and growing,1931-03-11,New York,New York,Married,6.0,Australia,5.0,,,1.0
russell_savage,self-made,1970-05-05,Delray Beach,Florida,Single,,,8.0,,,1.0
ryan_cohen,self-made,1985-08-04,Bal Harbour,Florida,Married,,,,,,
ryan_graves,self-made,1983-07-03,Kauai,Hawaii,Married,4.0,United States,,San Diego,California,
ryan_horton,inherited,1973-04-01,Fort Worth,Texas,,,,,,,
ryan_israel,self-made,1985-04-08,New York,New York,,,,,,,
ryan_smith,self-made,1978-06-28,Provo,Utah,Married,5.0,,,,,
s_curtis_johnson,inherited,1955-05-05,Racine,Wisconsin,Married,4.0,,1.0,,,2.0
safra_catz,self-made,1961-12-01,Fort Lauderdale,Florida,Married,2.0,Israel,6.0,Holon,,
sam_altman,self-made,1985-04-22,San Francisco,California,,,,,,,
sam_mccandlish,self-made,1990-07-01,San Francisco,California,,,,,,,
sami_mnaymneh,self-made,1961-07-13,Miami Beach,Florida,,,,8.0,,,1.0
sandra_macmillan_kirkpatrick,inherited,1972-05-01,Fort Lauderdale,Florida,Married,3.0,,,,,
sanjay_gajendra,self-made,1974-12-01,Santa Clara,California,,,,,,,
sanjit_biswas,self-made,1982-01-12,San Francisco ,California,Married,3.0,Canada,8.0,Edmonton,,1.0
sara_blakely,self-made,1971-02-27,Atlanta,Georgia,Married,4.0,United States,8.0,St. Petersburg,Florida,
sarah_humphreys_atkins,inherited and growing,1958-03-01,Arlington,Virginia,Married,,,,,,
sarah_macmillan,inherited,1954-01-01,Los Angeles,California,Divorced,3.0,,1.0,,,
satya_nadella,self-made,1967-08-19,Bellevue,Washington,Married,3.0,India,,Hyderabad,,
scot_french,self-made,1970-10-01,Bal Harbour,Florida,,,,,,,
scott_cook,self-made,1952-07-26,Woodside,California,Married,3.0,,8.0,,,3.0
scott_crabill,self-made,1970-02-07,San Francisco,California,Married,2.0,,8.0,,,1.0
scott_duncan,inherited,1982-11-01,Houston,Texas,Single,,,1.0,,,1.0
scott_kapnick,self-made,1959-02-09,Naples,Florida,,,,7.0,,,
scott_nuttall,self-made,1972-11-25,New York,New York,,5.0,,,,,
scott_shleifer,self-made,1977-06-14,New York,New York,Married,,United States,6.0,Portland,Oregon,2.0
scott_smith_1,self-made,1949-04-12,Provo,Utah,Married,9.0,United States,,Provo,Utah,
scott_watterson,self-made,1955-05-18,Logan,Utah,Married,5.0,United States,8.0,Salt Lake City,Utah,
sean_parker,self-made,1979-12-03,Los Angeles,California,Married,2.0,,8.0,,,4.0
sergey_brin,self-made,1973-08-21,Los Altos,California,Separated,3.0,Russia,9.0,Moscow,,2.0
seth_boro,self-made,1975-09-17,San Francisco,California,Married,2.0,Canada,8.0,,,1.0
seth_klarman,self-made,1957-05-01,Chestnut Hill,Massachusetts,Married,,United States,,,,
shahid_khan,self-made,1950-07-18,Naples,Florida,Married,2.0,Pakistan,10.0,Lahore,,1.0
sharron_hunt,inherited,1958-02-15,Dallas,Texas,,,,,,,
shayne_coplan,self-made,1998-05-23,New York,New York,In Relationship,,United States,,New York City,New York,
sheila_johnson,self-made,1949-01-25,The Plains,Virginia,Married,2.0,,9.0,,,
sheryl_sandberg,self-made,1969-08-28,Menlo Park,California,"Widowed, Remarried",5.0,United States,6.0,Washington,District of Columbia,
shuo_wang,self-made,1989-02-19,Medina,Washington,,,,8.0,,,
shyam_sankar,self-made,1982-03-01,Palo Alto,California,,,,,,,
sid_bass,inherited and growing,1942-04-09,Fort Worth,Texas,Divorced,2.0,,4.0,,,2.0
sidney_kimmel,self-made,1928-01-16,New York,New York,Married,,United States,,Philadelphia,Pennsylvania,
stanley_druckenmiller,self-made,1953-06-14,New York,New York,Married,,,8.0,,,4.0
stanley_hubbard,inherited and growing,1933-05-28,St. Paul,Minnesota,Married,5.0,,5.0,,,
stanley_kroenke,self-made,1947-07-29,Electra,Texas,Married,2.0,,7.0,,,1.0
stanley_tang,self-made,1992-10-27,San Francisco,California,,,Hong Kong,,,,
stefan_kaluzny,self-made,1967-01-01,New York,New York,,,,,,,
stefan_soloviev,inherited and growing,1975-05-21,Delray Beach,Florida,Divorced,22.0,United States,,,,
stephane_bancel,self-made,1972-07-20,Boston,Massachusetts,Married,2.0,,,,,
stephen_bisciotti,self-made,1960-04-10,Hobe Sound,Florida,Married,2.0,United States,8.0,Philadelphia,Pennsylvania,2.0
stephen_butt,inherited and growing,1955-05-24,Dallas,Texas,Married,2.0,United States,3.0,,,
stephen_cohen,self-made,1982-09-30,Palo Alto,California,,,United States,7.0,,,1.0
stephen_deckoff,self-made,1965-11-04,St. John,U.S. Virgin Islands,Married,3.0,,8.0,,,1.0
stephen_feinberg,self-made,1960-03-29,New York,New York,Married,3.0,,8.0,,,1.0
stephen_ketchum,self-made,1961-07-01,New York City,New York,,,,,,,
stephen_mandel_jr,self-made,1956-03-12,Greenwich,Connecticut,Married,3.0,,7.0,,,2.0
stephen_ross,self-made,1940-05-10,Palm Beach,Florida,Married,4.0,,8.0,,,2.0
stephen_schwarzman,self-made,1947-02-14,New York,New York,Married,3.0,,8.0,,,2.0
stephen_winn,self-made,1946-09-12,Dallas,Texas,Married,,,8.0,,,
steve_ballmer,self-made,1956-03-24,Hunts Point,Washington,Married,3.0,United States,6.0,Detroit,Michigan,2.0
steve_case,self-made,1958-08-21,McLean,Virginia,Married,5.0,United States,,Honolulu ,Hawaii,
steve_cohen,self-made,1956-06-11,Greenwich,Connecticut,Married,7.0,,8.0,,,3.0
steve_conine,self-made,1972-08-28,Boston,Massachusetts,Married,3.0,United States,8.0,,,1.0
steve_ells,self-made,1965-09-12,New York,New York,,,,,,,
steve_lavin,inherited and growing,1955-07-27,Chicago,Illinois,,,,3.0,,,
steve_wynn,self-made,1942-01-27,Palm Beach,Florida,Married,2.0,United States,8.0,New Haven,Connecticut,1.0
steven_hao,self-made,1996-01-01,San Francisco,California,,,,,,,
steven_klinsky,self-made,1956-05-30,New York,New York,,,United States,7.0,Southland,Michigan,
steven_rales,self-made,1951-03-31,Santa Barbara,California,Married,3.0,,7.0,,,2.0
steven_sarowitz,self-made,1965-11-07,Highland Park,Illinois,Married,,,8.0,,,2.0
steven_schonfeld,self-made,1959-07-03,Old Westbury,New York,Married,3.0,United States,,Long Island,,
steven_spielberg,self-made,1946-12-18,Pacific Palisades,California,Married,7.0,United States,8.0,"Cincinnati, OH",Ohio,2.0
steven_tisch,inherited,1949-02-14,Beverly Hills,California,,5.0,,,,,
steven_udvar_hazy,self-made,1946-02-23,Westlake,Texas,Married,4.0,Hungary,9.0,,,2.0
steven_witkoff,self-made,1957-03-15,Miami,Florida,Married,2.0,United States,,New York,New York,
stewart_butterfield,self-made,1973-03-21,Aspen,Colorado,Married,1.0,,,,,
stewart_horejsi,self-made,1937-09-19,Phoenix,Arizona,Divorced,2.0,United States,8.0,,Kansas,2.0
stewart_rahr,inherited and growing,1946-02-18,New York,New York,Divorced,2.0,,5.0,,,3.0
stewart_resnick,self-made,1936-12-24,Beverly Hills,California,Married,5.0,,8.0,,,4.0
stuart_miller,inherited and growing,1957-08-08,Miami,Florida,,,,,,,
sualeh_asif,self-made,2000-01-24,San Francisco,California,,,,,,,
sue_gross,inherited,1950-02-17,Laguna Beach,California,Divorced,1.0,,,,,
sundar_pichai,self-made,1972-06-10,Los Altos Hills,California,Married,2.0,India,,,,
surya_midha,self-made,2003-06-03,San Francisco,California,Single,,United States,,Mountain View,California,
susan_alfond,inherited,1945-07-19,Scarborough,Maine,,3.0,,1.0,,,1.0
susan_ocampo,self-made,1958-02-01,Honolulu,Hawaii,Widowed,3.0,,8.0,,,
t_denny_sanford,self-made,1935-12-23,Sioux Falls,South Dakota,Divorced,2.0,,9.0,,,5.0
tamara_gustavson,inherited,1961-11-16,Lexington,Kentucky,Married,2.0,,2.0,,,1.0
tarek_mansour,self-made,1996-05-07,New York,New York,Single,,United States,,Los Angeles,California,
taylor_swift,self-made,1989-12-13,,,In Relationship,,United States,8.0,Wyomissing,Pennsylvania,
ted_alfond,inherited,1944-08-19,Weston,Massachusetts,Married,3.0,,1.0,,,1.0
ted_turner,inherited and growing,1938-11-19,Atlanta,Georgia,Divorced,5.0,,5.0,,,5.0
tench_coxe,self-made,1958-01-14,Palo Alto,California,Married,3.0,,8.0,,,
terrence_pegula,self-made,1951-03-27,Boca Raton,Florida,Married,5.0,United States,9.0,Carbondale,Pennsylvania,2.0
terry_leprino,inherited and growing,1960-03-15,Denver,Colorado,,,,,,,
terry_taylor,self-made,1951-04-01,Palm Beach,Florida,,,,,,,
thai_lee,self-made,1958-11-27,Austin,Texas,Divorced,2.0,Thailand,9.0,,,1.0
theodore_leonsis,self-made,1956-01-08,Potomac,Maryland,Married,2.0,,9.0,,,1.0
theresia_gouw,self-made,1968-03-19,Palo Alto,California,,2.0,Indonesia,9.0,Jakarta,,
thierry_cruanes,self-made,1967-06-23,San Mateo,California,Married,2.0,France,,,,
thomas_bailey,self-made,1937-01-01,Aspen,Colorado,Divorced,2.0,,,,,
thomas_crowley_jr,inherited and growing,1967-01-01,Ponte Vedra Beach,Florida,,,United States,,,,
thomas_duff,self-made,1956-12-31,Hattiesburg,Mississippi,Divorced,2.0,,7.0,,,1.0
thomas_dundon,self-made,1971-09-05,Dallas,Texas,,5.0,United States,8.0,New York,,
thomas_frist_jr,self-made,1938-08-12,Nashville,Tennessee,Married,3.0,,7.0,,,2.0
thomas_hagen,inherited,1936-01-01,Erie,Pennsylvania,Widowed,2.0,,2.0,,,2.0
thomas_james,inherited and growing,1942-05-10,Saint Petersburg,Florida,Married,2.0,,,,,
thomas_mueller,self-made,1961-03-11,Los Angeles,California,,,,,,,
thomas_peterffy,self-made,1944-09-30,Palm Beach,Florida,Divorced,3.0,Hungary,10.0,Budapest,,1.0
thomas_powell,self-made,1940-07-01,Giddings,Texas,,,,,,,
thomas_pritzker,inherited and growing,1950-06-06,Chicago,Illinois,Married,3.0,,4.0,,,2.0
thomas_secunda,self-made,1954-06-23,Croton-on-Hudson,New York,Married,2.0,,8.0,,,2.0
thomas_siebel,self-made,1952-11-22,Woodside,California,Married,4.0,United States,8.0,Chicago,,4.0
thomas_steyer,self-made,1957-06-27,San Francisco,California,Separated,4.0,United States,8.0,Manhattan,New York,
thomas_tull,self-made,1970-06-11,Pittsburgh,Pennsylvania,Married,,,9.0,,,1.0
tianqiao_chen,self-made,1973-05-16,Atherton,California,Married,2.0,China,,,,
tiger_woods,self-made,1975-12-30,Jupiter Island,Florida,,,United States,,Cypress,California,
tilman_fertitta,self-made,1957-06-25,Houston,Texas,Married,4.0,United States,9.0,,,2.0
tim_cook,self-made,1960-11-01,Cupertino,California,,,United States,,Robertsdale,Alabama,
tim_draper,inherited and growing,1958-06-11,Atherton,California,Married,3.0,,,,,
tim_sweeney,self-made,1970-12-13,Cary,North Carolina,,,United States,8.0,,Maryland,1.0
timothy_boyle,self-made,1949-09-07,Portland,Oregon,Married,2.0,,5.0,,,1.0
timothy_dunn,self-made,1955-12-18,Midland,Texas,Married,6.0,United States,,Big Spring,Texas,
timothy_headington,inherited and growing,1950-04-24,Dallas,Texas,Single,,,5.0,,,
timothy_springer,self-made,1948-02-23,Chestnut Hill,Massachusetts,Married,,,8.0,,,1.0
toby_neugebauer,self-made,1971-12-01,Dallas,Texas,Married,2.0,United States,,,,
todd_boehly,self-made,1973-09-20,Miami,Florida,Married,3.0,,7.0,,,2.0
todd_christopher,self-made,1962-10-08,Clearwater,Florida,Married,,United States,9.0,Rochester,,1.0
todd_graves,self-made,1972-02-20,Baton Rouge,Louisiana,Married,2.0,,8.0,,,2.0
todd_park,self-made,1973-01-01,Los Altos Hills,California,,,,,,,
todd_wagner,self-made,1960-08-02,Dallas,Texas,Married,1.0,,,,,
todd_wanek,inherited and growing,1964-03-16,St. Petersburg,Florida,Married,2.0,,4.0,,,2.0
tom_brown,self-made,1987-04-01,San Francisco,California,,,,,,,
tom_ford_1,self-made,1961-08-27,Los Angeles,California,Widowed,1.0,United States,,Austin,Texas,
tom_golisano,self-made,1941-11-14,Naples,Florida,Married,2.0,,9.0,,,3.0
tom_gores,self-made,1964-07-31,Beverly Hills,California,Married,3.0,Israel,9.0,,,1.0
tom_preston_werner,self-made,1979-10-28,San Francisco ,California,Married,,,,,,
tom_werner_1,self-made,1950-04-12,Los Angeles,California,,,,,,,
tony_tamer,self-made,1957-10-12,New York,New York,Married,4.0,,8.0,,,
tony_townley,self-made,1962-05-01,Bogart,Georgia,Married,4.0,,,,,
tony_xu,self-made,1984-09-20,San Francisco,California,Married,,China,9.0,,,
tope_awotona,self-made,1981-04-22,Atlanta,Georgia,Married,,Nigeria,10.0,Lagos,,
trae_stephens,self-made,1983-11-17,San Francisco,California,,,,,,,
travis_boersma,self-made,1971-01-01,Grants Pass,Oregon,,,United States,9.0,,,1.0
travis_kalanick,self-made,1976-08-06,Austin,Texas,Single,,United States,8.0,Los Angeles,California,1.0
trevor_burgess,self-made,1972-10-01,Saint Petersburg,Florida,,,,10.0,,,
trevor_rees_jones,self-made,1951-08-12,Dallas,Texas,Married,2.0,,7.0,,,4.0
trudy_cathy_white,inherited,1955-12-17,Hampton,Georgia,Married,4.0,,2.0,,,1.0
ty_warner,self-made,1944-09-03,Oak Brook,Illinois,Single,,United States,10.0,Chicago,Illinois,2.0
tyler_perry,self-made,1969-09-13,Atlanta,Georgia,In Relationship,1.0,United States,10.0,"New Orleans, LA",Louisiana,
tyler_winklevoss,self-made,1981-08-21,New York,New York,,,,7.0,,,1.0
valerie_mars,inherited,1959-01-26,New York,New York,Married,2.0,,2.0,,,
vasily_shikin,self-made,1985-04-15,San Francisco,California,,,,,,,
victoria_mars,inherited,1956-12-15,Philadelphia ,Pennsylvania,Married,4.0,United States,2.0,,,
vincent_mcmahon,self-made,1945-08-24,Greenwich,Connecticut,Married,2.0,,5.0,,,1.0
vincent_viola,self-made,1956-02-12,New York,New York,Married,3.0,United States,9.0,New York,New York,2.0
vinod_khosla,self-made,1955-01-28,Portola Valley,California,Married,4.0,India,8.0,Pune,,2.0
vivek_ramaswamy,self-made,1985-09-01,Columbus,Ohio,Married,,United States,,,Ohio,
vlad_tenev,self-made,1987-02-13,Palo Alto,California,Married,1.0,Bulgaria,8.0,,,1.0
walter_kortschak,self-made,1959-05-01,Aspen,Colorado,,,Canada,,,,
walter_wang_1,inherited and growing,1965-01-01,Los Angeles,California,Married,3.0,Taiwan,4.0,Taipei,,2.0
warren_buffett,self-made,1930-08-30,Omaha,Nebraska,"Widowed, Remarried",3.0,United States,8.0,,,5.0
warren_kanders,self-made,1957-11-01,Palm Beach,Florida,Married,,United States,,,,
warren_stephens,inherited and growing,1957-02-18,Little Rock,Arkansas,Married,3.0,,4.0,,,1.0
wayne_rothbaum,self-made,1968-02-17,Delray Beach,Florida,Married,3.0,,9.0,,,
weili_dai,self-made,1961-09-14,Las Vegas,Nevada,Widowed,2.0,China,8.0,Shanghai,Shanghai,
wendy_abrams,inherited and growing,1964-12-01,Libertyville,Illinois,,,,,,,
wesley_edens,self-made,1961-10-31,New York,New York,Married,4.0,,8.0,,,
william_ackman,self-made,1966-05-11,New York,New York,Married,3.0,United States,7.0,,New York,2.0
william_berkley,self-made,1946-09-01,Coconut Grove,Florida,Married,3.0,,8.0,,,1.0
william_boyd,self-made,1931-11-04,Las Vegas,Nevada,Divorced,3.0,,,,,
william_chisholm,self-made,1969-01-01,Atherton,California,Married,3.0,United States,,,,
william_conway_jr,self-made,1949-08-27,McLean,Virginia,Married,1.0,,8.0,,,4.0
william_fisher,inherited,1957-04-01,San Francisco,California,Married,3.0,United States,2.0,,,
william_foley_ii,self-made,1944-12-29,Las Vegas,Nevada,Married,,United States,,Austin,Texas,
william_franke,self-made,1937-04-15,Houston,Texas,Married,5.0,United States,,Bryan,Texas,
william_goldring,inherited and growing,1943-01-24,New Orleans,Louisiana,,3.0,United States,5.0,New Orleans,Louisiana,1.0
william_hockey,self-made,1989-09-21,San Francisco,California,,,,,,,
william_koch,inherited and growing,1940-05-03,Palm Beach,Florida,Married,6.0,,3.0,,,
william_lauder,inherited and growing,1960-04-11,New York,New York,Divorced,,United States,4.0,,,1.0
william_macmillan,inherited,1954-05-25,Englewood,Colorado,,,,1.0,,,
william_stone,self-made,1955-04-09,East Lyme,Connecticut,Married,3.0,United States,8.0,,Indiana,2.0
william_wrigley_jr,inherited and growing,1963-11-01,North Palm Beach,Florida,Divorced,4.0,,3.0,,,1.0
william_young,self-made,1941-01-01,Ypsilanti,Michigan,Married,4.0,United States,8.0,,Michigan,1.0
willis_johnson,self-made,1947-05-26,Franklin,Tennessee,Married,2.0,United States,,Clinton,Oklahoma,
wilma_tisch,inherited,1927-06-25,New York,New York,Widowed,4.0,,,,,
winifred_j_marquart,inherited,1959-04-06,Virginia Beach,Virginia,Married,4.0,,2.0,,,2.0
yuri_milner,self-made,1961-11-11,Los Altos,California,Married,3.0,Russia,,,,
zachary_stern,inherited,1982-01-09,Jackson,Wyoming,Married,1.0,,,,,
